dataset,dataset_label,subject,n_classes,experiment_key,experiment,val_accuracy,val_Brier,val_ECE,val_NLL,heldout_accuracy,heldout_Brier,heldout_ECE,heldout_NLL,chance_accuracy,chance_Brier,selection_split,eval_labels_used_for_selection,selected_method,mean_heldout_confidence,confidence_source_method,confidence_minus_accuracy,baseline_accuracy,baseline_Brier,baseline_ECE,baseline_NLL,delta_accuracy_vs_baseline,delta_Brier_vs_baseline,delta_ECE_vs_baseline,delta_NLL_vs_baseline,validation_Brier_rank,heldout_Brier_rank,heldout_minus_validation_Brier_rank
BNCI2014_001,BNCI2014_001,1,4,baseline,baseline_ce_cropped_shallow_convnet,0.7708333333333334,0.2945611560725316,0.1926164967380096,0.4419380243480498,0.8055555555555556,0.2691424310974397,0.0652607710843051,0.4897892994929562,0.25,0.75,external_validation,False,,0.8053585064972916,baseline,-0.00019704905826400942,0.8055555555555556,0.2691424310974397,0.0652607710843051,0.4897892994929562,0.0,0.0,0.0,0.0,5.0,4.0,-1.0
BNCI2014_001,BNCI2014_001,1,4,seed_ensemble,seed_ensemble,0.7708333333333334,0.2703738436465495,0.1227738570304967,0.4071799219229504,0.8125,0.2582311544230593,0.0680830001048939,0.4628184929788042,0.25,0.75,external_validation,False,,0.8247482621298301,seed_ensemble,0.012248262129830101,0.8055555555555556,0.2691424310974397,0.0652607710843051,0.4897892994929562,0.00694444444444442,-0.01091127667438041,0.002822229020588804,-0.026970806514152013,4.0,3.0,-1.0
BNCI2014_001,BNCI2014_001,1,4,teacher_student_mixture,teacher_student_probability_mixing,0.8541666666666666,0.2310128577047101,0.1534778643205112,0.3949445196531194,0.8298611111111112,0.2452899706012873,0.0820605889414675,0.4141083206586562,0.25,0.75,external_validation,False,,0.8002744469060494,teacher_student_mixture,-0.02958666420506173,0.8055555555555556,0.2691424310974397,0.0652607710843051,0.4897892994929562,0.02430555555555558,-0.02385246049615239,0.016799817857162405,-0.07568097883429997,1.0,1.0,0.0
BNCI2014_001,BNCI2014_001,1,4,augmentation,best_light_augmentation,0.8541666666666666,0.241378091819019,0.0997475660432077,0.3725480690848283,0.7708333333333334,0.3001589622718535,0.0776318749732234,0.5456028431770485,0.25,0.75,external_validation,False,,0.8421335749471053,augmentation,0.07130024161377191,0.8055555555555556,0.2691424310974397,0.0652607710843051,0.4897892994929562,-0.03472222222222221,0.03101653117441383,0.012371103888918294,0.05581354368409236,3.0,5.0,2.0
BNCI2014_001,BNCI2014_001,2,4,baseline,baseline_ce_cropped_shallow_convnet,0.5416666666666666,0.5174125709453589,0.1500661807948663,0.8992916306032036,0.4756944444444444,0.7021799019901737,0.1839904390450046,1.435960180040859,0.25,0.75,external_validation,False,,0.6483449782534892,baseline,0.17265053380904483,0.4756944444444444,0.7021799019901737,0.1839904390450046,1.435960180040859,0.0,0.0,0.0,0.0,5.0,3.0,-2.0
BNCI2014_001,BNCI2014_001,2,4,seed_ensemble,seed_ensemble,0.6041666666666666,0.487351923319484,0.2160212949321348,0.8457730003995647,0.46875,0.7015706039724898,0.1955039713759185,1.4395711678150107,0.25,0.75,external_validation,False,,0.662753073567404,seed_ensemble,0.19400307356740398,0.4756944444444444,0.7021799019901737,0.1839904390450046,1.435960180040859,-0.00694444444444442,-0.0006092980176838347,0.0115135323309139,0.003610987774151697,3.0,2.0,-1.0
BNCI2014_001,BNCI2014_001,2,4,teacher_student_mixture,teacher_student_probability_mixing,0.5833333333333334,0.4930936531596526,0.1416466019344241,0.85289365302277,0.4895833333333333,0.5997133819284657,0.0919968453748149,1.0724331582582314,0.25,0.75,external_validation,False,,0.5604896117562121,teacher_student_mixture,0.07090627842287883,0.4756944444444444,0.7021799019901737,0.1839904390450046,1.435960180040859,0.013888888888888895,-0.10246652006170798,-0.0919935936701897,-0.36352702178262764,4.0,1.0,-3.0
BNCI2014_001,BNCI2014_001,2,4,augmentation,best_light_augmentation,0.6041666666666666,0.4776538025871861,0.1947475325943179,0.8268972260272726,0.46875,0.7229830940289664,0.2249994872370071,1.5563424648145852,0.25,0.75,external_validation,False,,0.693749486534589,augmentation,0.224999486534589,0.4756944444444444,0.7021799019901737,0.1839904390450046,1.435960180040859,-0.00694444444444442,0.020803192038792773,0.04100904819200252,0.12038228477372614,1.0,4.0,3.0
BNCI2014_001,BNCI2014_001,3,4,baseline,baseline_ce_cropped_shallow_convnet,0.8333333333333334,0.2702830005718877,0.1541853047294421,0.5620110283295405,0.8645833333333334,0.1948154950753231,0.0715493142164599,0.3495514024075278,0.25,0.75,external_validation,False,,0.794909844099798,baseline,-0.06967348923353534,0.8645833333333334,0.1948154950753231,0.0715493142164599,0.3495514024075278,0.0,0.0,0.0,0.0,4.0,1.0,-3.0
BNCI2014_001,BNCI2014_001,3,4,seed_ensemble,seed_ensemble,0.7916666666666666,0.3128901371923877,0.1234156220320291,0.6655465361868822,0.8298611111111112,0.2399224152591025,0.0767486598158437,0.4189459793607991,0.25,0.75,external_validation,False,,0.7583354584771037,seed_ensemble,-0.07152565263400745,0.8645833333333334,0.1948154950753231,0.0715493142164599,0.3495514024075278,-0.03472222222222221,0.0451069201837794,0.005199345599383801,0.06939457695327128,5.0,5.0,0.0
BNCI2014_001,BNCI2014_001,3,4,teacher_student_mixture,teacher_student_probability_mixing,0.8333333333333334,0.2593726227960414,0.1357886714192032,0.4840246552974239,0.8402777777777778,0.2066741943446036,0.0465661723037969,0.3560423959187109,0.25,0.75,external_validation,False,,0.8249839470859829,teacher_student_mixture,-0.015293830691794907,0.8645833333333334,0.1948154950753231,0.0715493142164599,0.3495514024075278,-0.02430555555555558,0.011858699269280515,-0.024983141912662994,0.006490993511183096,1.0,2.0,1.0
BNCI2014_001,BNCI2014_001,3,4,augmentation,best_light_augmentation,0.875,0.2617886962240942,0.2006100362686122,0.5894866088749294,0.8263888888888888,0.2307368660102266,0.0587534172607952,0.4045667497852948,0.25,0.75,external_validation,False,,0.775354569780908,augmentation,-0.05103431910798084,0.8645833333333334,0.1948154950753231,0.0715493142164599,0.3495514024075278,-0.03819444444444453,0.035921370934903524,-0.012795896955664694,0.05501534737776698,3.0,4.0,1.0
BNCI2014_001,BNCI2014_001,4,4,baseline,baseline_ce_cropped_shallow_convnet,0.7291666666666666,0.4598432019859726,0.2576146805777096,0.808665894973939,0.6736111111111112,0.448055951942155,0.080038781405371,0.8095640151179806,0.25,0.75,external_validation,False,,0.684470472292649,baseline,0.010859361181537852,0.6736111111111112,0.448055951942155,0.080038781405371,0.8095640151179806,0.0,0.0,0.0,0.0,3.0,4.0,1.0
BNCI2014_001,BNCI2014_001,4,4,seed_ensemble,seed_ensemble,0.6458333333333334,0.4786210570940691,0.2058512180632589,0.806500980757418,0.6875,0.4330014029756274,0.0746980788214669,0.7820859476019173,0.25,0.75,external_validation,False,,0.6976122683793413,seed_ensemble,0.010112268379341316,0.6736111111111112,0.448055951942155,0.080038781405371,0.8095640151179806,0.01388888888888884,-0.015054548966527581,-0.005340702583904108,-0.027478067516063298,5.0,1.0,-4.0
BNCI2014_001,BNCI2014_001,4,4,teacher_student_mixture,teacher_student_probability_mixing,0.7291666666666666,0.4547849320231947,0.257623819000994,0.7992264408364013,0.6701388888888888,0.4431934876892827,0.0807300810906569,0.7940727855482113,0.25,0.75,external_validation,False,,0.6713769816969823,teacher_student_mixture,0.001238092808093505,0.6736111111111112,0.448055951942155,0.080038781405371,0.8095640151179806,-0.003472222222222321,-0.0048624642528722894,0.0006912996852858899,-0.015491229569769338,1.0,2.0,1.0
BNCI2014_001,BNCI2014_001,4,4,augmentation,best_light_augmentation,0.7291666666666666,0.4598432019859726,0.2576146805777096,0.808665894973939,0.6736111111111112,0.448055951942155,0.080038781405371,0.8095640151179806,0.25,0.75,external_validation,False,,0.684470472292649,augmentation,0.010859361181537852,0.6736111111111112,0.448055951942155,0.080038781405371,0.8095640151179806,0.0,0.0,0.0,0.0,3.0,4.0,1.0
BNCI2014_001,BNCI2014_001,5,4,baseline,baseline_ce_cropped_shallow_convnet,0.375,0.7224531095657832,0.1526234848531868,1.322926412287786,0.3819444444444444,0.6967971917129899,0.0868435252505211,1.276354302334385,0.25,0.75,external_validation,False,,0.36851618795239416,baseline,-0.013428256492050261,0.3819444444444444,0.6967971917129899,0.0868435252505211,1.276354302334385,0.0,0.0,0.0,0.0,5.0,4.0,-1.0
BNCI2014_001,BNCI2014_001,5,4,seed_ensemble,seed_ensemble,0.3958333333333333,0.6910704067311441,0.1792900997166853,1.2686730905367132,0.3784722222222222,0.6844119542160693,0.0720430302865081,1.2551107493300586,0.25,0.75,external_validation,False,,0.4149473643991992,seed_ensemble,0.036475142176977005,0.3819444444444444,0.6967971917129899,0.0868435252505211,1.276354302334385,-0.00347222222222221,-0.012385237496920665,-0.014800494964012992,-0.021243553004326454,3.0,3.0,0.0
BNCI2014_001,BNCI2014_001,5,4,teacher_student_mixture,teacher_student_probability_mixing,0.375,0.720011385768785,0.1517390291320891,1.3224700444576971,0.4201388888888889,0.6969446767849908,0.1000674801671848,1.2791948024516788,0.25,0.75,external_validation,False,,0.3293464374423527,teacher_student_mixture,-0.0907924514465362,0.3819444444444444,0.6967971917129899,0.0868435252505211,1.276354302334385,0.038194444444444475,0.000147485072000908,0.0132239549166637,0.002840500117293754,4.0,5.0,1.0
BNCI2014_001,BNCI2014_001,5,4,augmentation,best_light_augmentation,0.4791666666666667,0.6773955239925019,0.2022120499141194,1.2419154618848676,0.4201388888888889,0.6786258272099587,0.0767927598803967,1.2445771702415018,0.25,0.75,external_validation,False,,0.4181091809631862,augmentation,-0.002029707925702673,0.3819444444444444,0.6967971917129899,0.0868435252505211,1.276354302334385,0.038194444444444475,-0.01817136450303125,-0.010050765370124393,-0.03177713209288324,1.0,1.0,0.0
BNCI2014_001,BNCI2014_001,6,4,baseline,baseline_ce_cropped_shallow_convnet,0.5625,0.6339109347734531,0.1957398638324152,1.1703958647684225,0.5,0.6191650645014087,0.0937385688403907,1.138544201672521,0.25,0.75,external_validation,False,,0.46430596214347414,baseline,-0.03569403785652586,0.5,0.6191650645014087,0.0937385688403907,1.138544201672521,0.0,0.0,0.0,0.0,4.0,4.0,0.0
BNCI2014_001,BNCI2014_001,6,4,seed_ensemble,seed_ensemble,0.5416666666666666,0.5917290154363971,0.1821494958583488,1.083325331713306,0.5381944444444444,0.578352182054894,0.0872104357132872,1.065626695711588,0.25,0.75,external_validation,False,,0.5274220683934824,seed_ensemble,-0.01077237605096204,0.5,0.6191650645014087,0.0937385688403907,1.138544201672521,0.03819444444444442,-0.04081288244651471,-0.0065281331271035,-0.07291750596093283,1.0,1.0,0.0
BNCI2014_001,BNCI2014_001,6,4,teacher_student_mixture,teacher_student_probability_mixing,0.5833333333333334,0.6293526089845397,0.2296675265798876,1.1556303272973334,0.5104166666666666,0.6245625025792181,0.1292006880847883,1.1489154580988348,0.25,0.75,external_validation,False,,0.42789025278952153,teacher_student_mixture,-0.0825264138771451,0.5,0.6191650645014087,0.0937385688403907,1.138544201672521,0.01041666666666663,0.005397438077809347,0.0354621192443976,0.010371256426313868,3.0,5.0,2.0
BNCI2014_001,BNCI2014_001,6,4,augmentation,best_light_augmentation,0.5625,0.638721031969372,0.2733778622610887,1.1725602466138791,0.5277777777777778,0.6037697221409364,0.1088773799015294,1.116514564495182,0.25,0.75,external_validation,False,,0.4648236057101525,augmentation,-0.06295417206762527,0.5,0.6191650645014087,0.0937385688403907,1.138544201672521,0.02777777777777779,-0.015395342360472353,0.015138811061138707,-0.022029637177338968,5.0,3.0,-2.0
BNCI2014_001,BNCI2014_001,7,4,baseline,baseline_ce_cropped_shallow_convnet,0.625,0.4033076411024845,0.2156206290802202,0.5986238359821948,0.8055555555555556,0.2887059934926252,0.0914203031935196,0.4898047402104328,0.25,0.75,external_validation,False,,0.7471464228746589,baseline,-0.05840913268089665,0.8055555555555556,0.2887059934926252,0.0914203031935196,0.4898047402104328,0.0,0.0,0.0,0.0,3.0,1.0,-2.0
BNCI2014_001,BNCI2014_001,7,4,seed_ensemble,seed_ensemble,0.6666666666666666,0.4096557170943255,0.2483712657996333,0.6049300364149091,0.7465277777777778,0.3393878875691272,0.0859967069041992,0.5749892688530243,0.25,0.75,external_validation,False,,0.7268149323626961,seed_ensemble,-0.01971284541508167,0.8055555555555556,0.2887059934926252,0.0914203031935196,0.4898047402104328,-0.05902777777777779,0.05068189407650198,-0.005423596289320404,0.08518452864259146,5.0,3.0,-2.0
BNCI2014_001,BNCI2014_001,7,4,teacher_student_mixture,teacher_student_probability_mixing,0.7083333333333334,0.354663934080037,0.1891005813313098,0.5651465160569876,0.6423611111111112,0.4169180275411544,0.0812719198966137,0.6846021895432196,0.25,0.75,external_validation,False,,0.6720959758280391,teacher_student_mixture,0.02973486471692799,0.8055555555555556,0.2887059934926252,0.0914203031935196,0.4898047402104328,-0.16319444444444442,0.1282120340485292,-0.0101483832969059,0.1947974493327868,1.0,4.0,3.0
BNCI2014_001,BNCI2014_001,7,4,augmentation,best_light_augmentation,0.625,0.4033076411024845,0.2156206290802202,0.5986238359821948,0.8055555555555556,0.2887059934926252,0.0914203031935196,0.4898047402104328,0.25,0.75,external_validation,False,,0.7471464228746589,augmentation,-0.05840913268089665,0.8055555555555556,0.2887059934926252,0.0914203031935196,0.4898047402104328,0.0,0.0,0.0,0.0,3.0,1.0,-2.0
BNCI2014_001,BNCI2014_001,8,4,baseline,baseline_ce_cropped_shallow_convnet,0.75,0.3377042964996763,0.158430476051869,0.5983284148979812,0.8229166666666666,0.2604988545533775,0.092193472661842,0.4950543717383571,0.25,0.75,external_validation,False,,0.737967671442403,baseline,-0.08494899522426358,0.8229166666666666,0.2604988545533775,0.092193472661842,0.4950543717383571,0.0,0.0,0.0,0.0,4.0,2.0,-2.0
BNCI2014_001,BNCI2014_001,8,4,seed_ensemble,seed_ensemble,0.7291666666666666,0.3392708251922591,0.1359430223369828,0.6000386910295156,0.8194444444444444,0.2613652017787257,0.1065028823878612,0.5003895521524616,0.25,0.75,external_validation,False,,0.7283923490443182,seed_ensemble,-0.09105209540012627,0.8229166666666666,0.2604988545533775,0.092193472661842,0.4950543717383571,-0.00347222222222221,0.0008663472253481741,0.014309409726019198,0.005335180414104523,5.0,3.0,-2.0
BNCI2014_001,BNCI2014_001,8,4,teacher_student_mixture,teacher_student_probability_mixing,0.8541666666666666,0.3040007200779875,0.1994740177189016,0.5486578663871636,0.7986111111111112,0.2916043246420517,0.0782859209254777,0.5354868526541676,0.25,0.75,external_validation,False,,0.7406086058575785,teacher_student_mixture,-0.05800250525353268,0.8229166666666666,0.2604988545533775,0.092193472661842,0.4950543717383571,-0.02430555555555547,0.031105470088674203,-0.013907551736364293,0.04043248091581053,1.0,4.0,3.0
BNCI2014_001,BNCI2014_001,8,4,augmentation,best_light_augmentation,0.7708333333333334,0.31938858784601,0.1853613447564398,0.5684152982928203,0.8263888888888888,0.2482814043955397,0.0805814171787436,0.4800085514871677,0.25,0.75,external_validation,False,,0.7475411923350792,augmentation,-0.07884769655380963,0.8229166666666666,0.2604988545533775,0.092193472661842,0.4950543717383571,0.00347222222222221,-0.012217450157837817,-0.01161205548309839,-0.01504582025118939,3.0,1.0,-2.0
BNCI2014_001,BNCI2014_001,9,4,baseline,baseline_ce_cropped_shallow_convnet,0.6041666666666666,0.5132697276942464,0.182469955717941,0.9022230143238108,0.8159722222222222,0.3059176781853959,0.1440362824569283,0.5644810225988702,0.25,0.75,external_validation,False,,0.6720756462589578,baseline,-0.14389657596326444,0.8159722222222222,0.3059176781853959,0.1440362824569283,0.5644810225988702,0.0,0.0,0.0,0.0,5.0,3.0,-2.0
BNCI2014_001,BNCI2014_001,9,4,seed_ensemble,seed_ensemble,0.625,0.4863532463886845,0.2324058606777443,0.8486562454581561,0.7951388888888888,0.2938134268827215,0.1098502523564619,0.5350627459334801,0.25,0.75,external_validation,False,,0.7089879101553644,seed_ensemble,-0.0861509787335244,0.8159722222222222,0.3059176781853959,0.1440362824569283,0.5644810225988702,-0.02083333333333337,-0.012104251302674396,-0.03418603010046639,-0.029418276665390097,1.0,1.0,0.0
BNCI2014_001,BNCI2014_001,9,4,teacher_student_mixture,teacher_student_probability_mixing,0.625,0.4947052441336535,0.2509869555468935,0.8832870177000531,0.8298611111111112,0.3202941219259318,0.2190610777213358,0.6123096327420282,0.25,0.75,external_validation,False,,0.6176353423152918,teacher_student_mixture,-0.21222576879581934,0.8159722222222222,0.3059176781853959,0.1440362824569283,0.5644810225988702,0.01388888888888895,0.014376443740535927,0.0750247952644075,0.04782861014315798,3.0,4.0,1.0
BNCI2014_001,BNCI2014_001,9,4,augmentation,best_light_augmentation,0.6041666666666666,0.5058691244079595,0.1909913092525666,0.8893914203360036,0.7881944444444444,0.3270803667766196,0.1275804408371357,0.586254192804044,0.25,0.75,external_validation,False,,0.672636088658316,augmentation,-0.11555835578612839,0.8159722222222222,0.3059176781853959,0.1440362824569283,0.5644810225988702,-0.02777777777777779,0.02116268859122372,-0.016455841619792577,0.021773170205173775,4.0,5.0,1.0
BNCI2014_001,BNCI2014_001,1,4,validation_selected_portfolio,validation_selected_portfolio,0.8541666666666666,0.2310128577047101,0.1534778643205112,0.3949445196531194,0.8298611111111112,0.2452899706012873,0.0820605889414675,0.4141083206586562,0.25,0.75,external_validation,False,teacher_student_mixture,0.8002744469060494,teacher_student_mixture,-0.02958666420506173,0.8055555555555556,0.2691424310974397,0.0652607710843051,0.4897892994929562,0.02430555555555558,-0.02385246049615239,0.016799817857162405,-0.07568097883429997,1.0,1.0,0.0
BNCI2014_001,BNCI2014_001,2,4,validation_selected_portfolio,validation_selected_portfolio,0.6041666666666666,0.4776538025871861,0.1947475325943179,0.8268972260272726,0.46875,0.7229830940289664,0.2249994872370071,1.5563424648145852,0.25,0.75,external_validation,False,augmentation,0.693749486534589,augmentation,0.224999486534589,0.4756944444444444,0.7021799019901737,0.1839904390450046,1.435960180040859,-0.00694444444444442,0.020803192038792773,0.04100904819200252,0.12038228477372614,1.0,4.0,3.0
BNCI2014_001,BNCI2014_001,3,4,validation_selected_portfolio,validation_selected_portfolio,0.8333333333333334,0.2593726227960414,0.1357886714192032,0.4840246552974239,0.8402777777777778,0.2066741943446036,0.0465661723037969,0.3560423959187109,0.25,0.75,external_validation,False,teacher_student_mixture,0.8249839470859829,teacher_student_mixture,-0.015293830691794907,0.8645833333333334,0.1948154950753231,0.0715493142164599,0.3495514024075278,-0.02430555555555558,0.011858699269280515,-0.024983141912662994,0.006490993511183096,1.0,2.0,1.0
BNCI2014_001,BNCI2014_001,4,4,validation_selected_portfolio,validation_selected_portfolio,0.7291666666666666,0.4547849320231947,0.257623819000994,0.7992264408364013,0.6701388888888888,0.4431934876892827,0.0807300810906569,0.7940727855482113,0.25,0.75,external_validation,False,teacher_student_mixture,0.6713769816969823,teacher_student_mixture,0.001238092808093505,0.6736111111111112,0.448055951942155,0.080038781405371,0.8095640151179806,-0.003472222222222321,-0.0048624642528722894,0.0006912996852858899,-0.015491229569769338,1.0,2.0,1.0
BNCI2014_001,BNCI2014_001,5,4,validation_selected_portfolio,validation_selected_portfolio,0.4791666666666667,0.6773955239925019,0.2022120499141194,1.2419154618848676,0.4201388888888889,0.6786258272099587,0.0767927598803967,1.2445771702415018,0.25,0.75,external_validation,False,augmentation,0.4181091809631862,augmentation,-0.002029707925702673,0.3819444444444444,0.6967971917129899,0.0868435252505211,1.276354302334385,0.038194444444444475,-0.01817136450303125,-0.010050765370124393,-0.03177713209288324,1.0,1.0,0.0
BNCI2014_001,BNCI2014_001,6,4,validation_selected_portfolio,validation_selected_portfolio,0.5416666666666666,0.5917290154363971,0.1821494958583488,1.083325331713306,0.5381944444444444,0.578352182054894,0.0872104357132872,1.065626695711588,0.25,0.75,external_validation,False,seed_ensemble,0.5274220683934824,seed_ensemble,-0.01077237605096204,0.5,0.6191650645014087,0.0937385688403907,1.138544201672521,0.03819444444444442,-0.04081288244651471,-0.0065281331271035,-0.07291750596093283,1.0,1.0,0.0
BNCI2014_001,BNCI2014_001,7,4,validation_selected_portfolio,validation_selected_portfolio,0.7083333333333334,0.354663934080037,0.1891005813313098,0.5651465160569876,0.6423611111111112,0.4169180275411544,0.0812719198966137,0.6846021895432196,0.25,0.75,external_validation,False,teacher_student_mixture,0.6720959758280391,teacher_student_mixture,0.02973486471692799,0.8055555555555556,0.2887059934926252,0.0914203031935196,0.4898047402104328,-0.16319444444444442,0.1282120340485292,-0.0101483832969059,0.1947974493327868,1.0,4.0,3.0
BNCI2014_001,BNCI2014_001,8,4,validation_selected_portfolio,validation_selected_portfolio,0.8541666666666666,0.3040007200779875,0.1994740177189016,0.5486578663871636,0.7986111111111112,0.2916043246420517,0.0782859209254777,0.5354868526541676,0.25,0.75,external_validation,False,teacher_student_mixture,0.7406086058575785,teacher_student_mixture,-0.05800250525353268,0.8229166666666666,0.2604988545533775,0.092193472661842,0.4950543717383571,-0.02430555555555547,0.031105470088674203,-0.013907551736364293,0.04043248091581053,1.0,4.0,3.0
BNCI2014_001,BNCI2014_001,9,4,validation_selected_portfolio,validation_selected_portfolio,0.625,0.4863532463886845,0.2324058606777443,0.8486562454581561,0.7951388888888888,0.2938134268827215,0.1098502523564619,0.5350627459334801,0.25,0.75,external_validation,False,seed_ensemble,0.7089879101553644,seed_ensemble,-0.0861509787335244,0.8159722222222222,0.3059176781853959,0.1440362824569283,0.5644810225988702,-0.02083333333333337,-0.012104251302674396,-0.03418603010046639,-0.029418276665390097,1.0,1.0,0.0
BNCI2014_004,BNCI2014_004,1,2,baseline,baseline_ce_cropped_shallow_convnet,0.79375,0.2555779526600902,0.0784314884865655,0.3902885741002561,0.703125,0.4405528074480704,0.1588974053742967,0.7300114821182986,0.5,0.5,external_validation,False,,0.854812229635397,baseline,0.15168722963539705,0.703125,0.4405528074480704,0.1588974053742967,0.7300114821182986,0.0,0.0,0.0,0.0,4.0,4.0,0.0
BNCI2014_004,BNCI2014_004,1,2,seed_ensemble,seed_ensemble,0.825,0.2518667332022197,0.0706155531804524,0.3909958620862791,0.721875,0.415516407763303,0.1305323102531572,0.6952109527193107,0.5,0.5,external_validation,False,,0.8511788224019355,seed_ensemble,0.1293038224019355,0.703125,0.4405528074480704,0.1588974053742967,0.7300114821182986,0.018750000000000044,-0.025036399684767396,-0.028365095121139494,-0.03480052939898792,3.0,3.0,0.0
BNCI2014_004,BNCI2014_004,1,2,teacher_student_mixture,teacher_student_probability_mixing,0.8,0.2421338762807161,0.1341837692090474,0.3827212852108041,0.7125,0.4041076879459899,0.111213050714761,0.6269103120458184,0.5,0.5,external_validation,False,,0.8217871381253901,teacher_student_mixture,0.10928713812539004,0.703125,0.4405528074480704,0.1588974053742967,0.7300114821182986,0.009375000000000022,-0.036445119502080514,-0.0476843546595357,-0.10310117007248021,1.0,1.0,0.0
BNCI2014_004,BNCI2014_004,1,2,augmentation,best_light_augmentation,0.79375,0.2555779526600902,0.0784314884865655,0.3902885741002561,0.703125,0.4405528074480704,0.1588974053742967,0.7300114821182986,0.5,0.5,external_validation,False,,0.854812229635397,augmentation,0.15168722963539705,0.703125,0.4405528074480704,0.1588974053742967,0.7300114821182986,0.0,0.0,0.0,0.0,4.0,4.0,0.0
BNCI2014_004,BNCI2014_004,2,2,baseline,baseline_ce_cropped_shallow_convnet,0.55,0.4621606293014301,0.1714211811703206,0.6527970849810774,0.5857142857142857,0.4839666603419411,0.0943793664109938,0.6772952345721787,0.5,0.5,external_validation,False,,0.6028522223654749,baseline,0.017137936651189123,0.5857142857142857,0.4839666603419411,0.0943793664109938,0.6772952345721787,0.0,0.0,0.0,0.0,3.0,1.0,-2.0
BNCI2014_004,BNCI2014_004,2,2,seed_ensemble,seed_ensemble,0.5875,0.4637694906544318,0.1202743251871062,0.6562035710328861,0.5821428571428572,0.4848598906048749,0.1136564480750169,0.678317391339915,0.5,0.5,external_validation,False,,0.6037328765248889,seed_ensemble,0.021590019382031755,0.5857142857142857,0.4839666603419411,0.0943793664109938,0.6772952345721787,-0.0035714285714285587,0.0008932302629338085,0.019277081664023102,0.0010221567677363153,5.0,3.0,-2.0
BNCI2014_004,BNCI2014_004,2,2,teacher_student_mixture,teacher_student_probability_mixing,0.55,0.4621606293014301,0.1714211811703206,0.6527970849810774,0.5857142857142857,0.4839666603419411,0.0943793664109938,0.6772952345721787,0.5,0.5,external_validation,False,,0.6028522223654749,teacher_student_mixture,0.017137936651189123,0.5857142857142857,0.4839666603419411,0.0943793664109938,0.6772952345721787,0.0,0.0,0.0,0.0,3.0,1.0,-2.0
BNCI2014_004,BNCI2014_004,2,2,augmentation,best_light_augmentation,0.59375,0.4609809711740221,0.1351441938584495,0.6527246438099007,0.5678571428571428,0.4871780547141099,0.1065159605346737,0.6805528188323885,0.5,0.5,external_validation,False,,0.6016185981344975,augmentation,0.033761455277354635,0.5857142857142857,0.4839666603419411,0.0943793664109938,0.6772952345721787,-0.017857142857142905,0.00321139437216883,0.0121365941236799,0.0032575842602098337,1.0,4.0,3.0
BNCI2014_004,BNCI2014_004,3,2,baseline,baseline_ce_cropped_shallow_convnet,0.475,0.5001711589717839,0.1067235526308175,0.6933183438921215,0.534375,0.4999607999456595,0.0840993916071433,0.6931079841022718,0.5,0.5,external_validation,False,,0.501100920884194,baseline,-0.03327407911580604,0.534375,0.4999607999456595,0.0840993916071433,0.6931079841022718,0.0,0.0,0.0,0.0,3.0,4.0,1.0
BNCI2014_004,BNCI2014_004,3,2,seed_ensemble,seed_ensemble,0.5125,0.5002672358478647,0.1449503532332389,0.6934144505106862,0.5375,0.4995671230297464,0.0714835953961313,0.6927142898543195,0.5,0.5,external_validation,False,,0.5017477725606442,seed_ensemble,-0.0357522274393558,0.534375,0.4999607999456595,0.0840993916071433,0.6931079841022718,0.0031249999999999334,-0.0003936769159131326,-0.012615796211011998,-0.0003936942479523253,5.0,3.0,-2.0
BNCI2014_004,BNCI2014_004,3,2,teacher_student_mixture,teacher_student_probability_mixing,0.5,0.4986548552812744,0.1417204797770037,0.6917976575891799,0.525,0.4979475147058587,0.0673620475074044,0.691088525455428,0.5,0.5,external_validation,False,,0.5228044595735238,teacher_student_mixture,-0.0021955404264761835,0.534375,0.4999607999456595,0.0840993916071433,0.6931079841022718,-0.009375000000000022,-0.0020132852398008216,-0.0167373440997389,-0.0020194586468438303,1.0,1.0,0.0
BNCI2014_004,BNCI2014_004,3,2,augmentation,best_light_augmentation,0.475,0.5001711589717839,0.1067235526308175,0.6933183438921215,0.534375,0.4999607999456595,0.0840993916071433,0.6931079841022718,0.5,0.5,external_validation,False,,0.501100920884194,augmentation,-0.03327407911580604,0.534375,0.4999607999456595,0.0840993916071433,0.6931079841022718,0.0,0.0,0.0,0.0,3.0,4.0,1.0
BNCI2014_004,BNCI2014_004,4,2,baseline,baseline_ce_cropped_shallow_convnet,0.99375,0.0157244778546289,0.004177149913852,0.0306877650117002,0.96875,0.0548598407778559,0.0207896919964182,0.0990684162447893,0.5,0.5,external_validation,False,,0.9684762909416798,baseline,-0.0002737090583202484,0.96875,0.0548598407778559,0.0207896919964182,0.0990684162447893,0.0,0.0,0.0,0.0,5.0,4.0,-1.0
BNCI2014_004,BNCI2014_004,4,2,seed_ensemble,seed_ensemble,0.99375,0.0145206559160597,0.0027065290559451,0.0251350008240406,0.96875,0.0545870983764315,0.0158926089590805,0.0946791366233789,0.5,0.5,external_validation,False,,0.9737214953952791,seed_ensemble,0.00497149539527908,0.96875,0.0548598407778559,0.0207896919964182,0.0990684162447893,0.0,-0.0002727424014244001,-0.004897083037337699,-0.004389279621410405,3.0,1.0,-2.0
BNCI2014_004,BNCI2014_004,4,2,teacher_student_mixture,teacher_student_probability_mixing,0.99375,0.0146187458589688,0.0087371331211841,0.0302905642856383,0.95625,0.0605604121022637,0.0109800997626481,0.1092081532394264,0.5,0.5,external_validation,False,,0.9500960917106454,teacher_student_mixture,-0.006153908289354693,0.96875,0.0548598407778559,0.0207896919964182,0.0990684162447893,-0.012499999999999956,0.005700571324407801,-0.009809592233770101,0.010139736994637091,4.0,5.0,1.0
BNCI2014_004,BNCI2014_004,4,2,augmentation,best_light_augmentation,0.99375,0.0139166726896408,0.0023659800642669,0.0220434156070473,0.9625,0.0546282140246453,0.0149408084574628,0.1062071013769571,0.5,0.5,external_validation,False,,0.9773364365858885,augmentation,0.014836436585888513,0.96875,0.0548598407778559,0.0207896919964182,0.0990684162447893,-0.006249999999999978,-0.00023162675321059673,-0.0058488835389554,0.007138685132167796,1.0,2.0,1.0
BNCI2014_004,BNCI2014_004,5,2,baseline,baseline_ce_cropped_shallow_convnet,0.9125,0.1080994995499164,0.0465032470891267,0.1822630581077895,0.90625,0.1436792390607257,0.0312150336518278,0.2513728438354918,0.5,0.5,external_validation,False,,0.8990077687946346,baseline,-0.007242231205365379,0.90625,0.1436792390607257,0.0312150336518278,0.2513728438354918,0.0,0.0,0.0,0.0,4.0,1.0,-3.0
BNCI2014_004,BNCI2014_004,5,2,seed_ensemble,seed_ensemble,0.925,0.1120010396433365,0.0290525505542958,0.190582636652634,0.871875,0.1958016739746454,0.0684742782168625,0.3339078427946475,0.5,0.5,external_validation,False,,0.9069562798648455,seed_ensemble,0.03508127986484555,0.90625,0.1436792390607257,0.0312150336518278,0.2513728438354918,-0.034375000000000044,0.05212243491391971,0.037259244565034697,0.08253499895915573,5.0,3.0,-2.0
BNCI2014_004,BNCI2014_004,5,2,teacher_student_mixture,teacher_student_probability_mixing,0.93125,0.1061497649332489,0.0345060983599736,0.1855864516621058,0.91875,0.1451056192543948,0.0637965590603681,0.251704664157594,0.5,0.5,external_validation,False,,0.8751533592418855,teacher_student_mixture,-0.043596640758114424,0.90625,0.1436792390607257,0.0312150336518278,0.2513728438354918,0.012499999999999956,0.0014263801936691134,0.0325815254085403,0.00033182032210221646,3.0,2.0,-1.0
BNCI2014_004,BNCI2014_004,5,2,augmentation,best_light_augmentation,0.93125,0.1041667392525742,0.0313038475311616,0.1728811632734637,0.853125,0.2173090267127623,0.0647855866965161,0.3802420864122338,0.5,0.5,external_validation,False,,0.9138065841627009,augmentation,0.06068158416270086,0.90625,0.1436792390607257,0.0312150336518278,0.2513728438354918,-0.05312499999999998,0.07362978765203662,0.0335705530446883,0.12886924257674198,1.0,4.0,3.0
BNCI2014_004,BNCI2014_004,6,2,baseline,baseline_ce_cropped_shallow_convnet,0.75625,0.3312664251334362,0.0946985329919792,0.495409389297169,0.821875,0.258719497759862,0.0596839024450759,0.4015681095960908,0.5,0.5,external_validation,False,,0.7798966067971655,baseline,-0.041978393202834474,0.821875,0.258719497759862,0.0596839024450759,0.4015681095960908,0.0,0.0,0.0,0.0,4.0,4.0,0.0
BNCI2014_004,BNCI2014_004,6,2,seed_ensemble,seed_ensemble,0.75625,0.3168400200434938,0.0575724908840219,0.4767663642964456,0.825,0.2435343099634536,0.0437168592252519,0.3792926319952172,0.5,0.5,external_validation,False,,0.8024214199241122,seed_ensemble,-0.022578580075887755,0.821875,0.258719497759862,0.0596839024450759,0.4015681095960908,0.0031249999999999334,-0.015185187796408428,-0.015967043219824,-0.022275477600873617,3.0,3.0,0.0
BNCI2014_004,BNCI2014_004,6,2,teacher_student_mixture,teacher_student_probability_mixing,0.75625,0.3312664251334362,0.0946985329919792,0.495409389297169,0.821875,0.258719497759862,0.0596839024450759,0.4015681095960908,0.5,0.5,external_validation,False,,0.7798966067971655,teacher_student_mixture,-0.041978393202834474,0.821875,0.258719497759862,0.0596839024450759,0.4015681095960908,0.0,0.0,0.0,0.0,4.0,4.0,0.0
BNCI2014_004,BNCI2014_004,6,2,augmentation,best_light_augmentation,0.7625,0.2999945054079756,0.0694104793380227,0.4565754770639055,0.859375,0.2186941639895748,0.0556732994880889,0.3494408600899391,0.5,0.5,external_validation,False,,0.8111778126319742,augmentation,-0.04819718736802581,0.821875,0.258719497759862,0.0596839024450759,0.4015681095960908,0.03749999999999998,-0.04002533377028722,-0.004010602956986999,-0.05212724950615172,1.0,1.0,0.0
BNCI2014_004,BNCI2014_004,7,2,baseline,baseline_ce_cropped_shallow_convnet,0.875,0.1989952782021225,0.0820575216078691,0.3326170682729192,0.76875,0.3045804933847743,0.0597584762207843,0.4666609789723986,0.5,0.5,external_validation,False,,0.8088682787787779,baseline,0.04011827877877783,0.76875,0.3045804933847743,0.0597584762207843,0.4666609789723986,0.0,0.0,0.0,0.0,1.0,2.0,1.0
BNCI2014_004,BNCI2014_004,7,2,seed_ensemble,seed_ensemble,0.86875,0.2045748328810243,0.060094820758496,0.3432631407699001,0.7875,0.3018613519238667,0.0412625776563936,0.4653425672807358,0.5,0.5,external_validation,False,,0.8060612996089723,seed_ensemble,0.018561299608972348,0.76875,0.3045804933847743,0.0597584762207843,0.4666609789723986,0.018749999999999933,-0.0027191414609075704,-0.018495898564390698,-0.001318411691662802,5.0,1.0,-4.0
BNCI2014_004,BNCI2014_004,7,2,teacher_student_mixture,teacher_student_probability_mixing,0.875,0.1989952782021225,0.0820575216078691,0.3326170682729192,0.76875,0.3045804933847743,0.0597584762207843,0.4666609789723986,0.5,0.5,external_validation,False,,0.8088682787787779,teacher_student_mixture,0.04011827877877783,0.76875,0.3045804933847743,0.0597584762207843,0.4666609789723986,0.0,0.0,0.0,0.0,1.0,2.0,1.0
BNCI2014_004,BNCI2014_004,7,2,augmentation,best_light_augmentation,0.875,0.1989952782021225,0.0820575216078691,0.3326170682729192,0.76875,0.3045804933847743,0.0597584762207843,0.4666609789723986,0.5,0.5,external_validation,False,,0.8088682787787779,augmentation,0.04011827877877783,0.76875,0.3045804933847743,0.0597584762207843,0.4666609789723986,0.0,0.0,0.0,0.0,1.0,2.0,1.0
BNCI2014_004,BNCI2014_004,8,2,baseline,baseline_ce_cropped_shallow_convnet,0.86875,0.1821333458388623,0.0564174527716037,0.2794109006641816,0.890625,0.1432685235793181,0.0417456845412076,0.2363508122776131,0.5,0.5,external_validation,False,,0.9060932932296751,baseline,0.015468293229675134,0.890625,0.1432685235793181,0.0417456845412076,0.2363508122776131,0.0,0.0,0.0,0.0,3.0,1.0,-2.0
BNCI2014_004,BNCI2014_004,8,2,seed_ensemble,seed_ensemble,0.86875,0.1818687154365651,0.0677190881038513,0.280241867661142,0.8875,0.1560667462377187,0.0326618951680484,0.2532728713380042,0.5,0.5,external_validation,False,,0.9065729920972434,seed_ensemble,0.019072992097243446,0.890625,0.1432685235793181,0.0417456845412076,0.2363508122776131,-0.0031250000000000444,0.01279822265840061,-0.0090837893731592,0.016922059060391098,1.0,4.0,3.0
BNCI2014_004,BNCI2014_004,8,2,teacher_student_mixture,teacher_student_probability_mixing,0.86875,0.1821333458388623,0.0564174527716037,0.2794109006641816,0.890625,0.1432685235793181,0.0417456845412076,0.2363508122776131,0.5,0.5,external_validation,False,,0.9060932932296751,teacher_student_mixture,0.015468293229675134,0.890625,0.1432685235793181,0.0417456845412076,0.2363508122776131,0.0,0.0,0.0,0.0,3.0,1.0,-2.0
BNCI2014_004,BNCI2014_004,8,2,augmentation,best_light_augmentation,0.86875,0.1821333458388623,0.0564174527716037,0.2794109006641816,0.890625,0.1432685235793181,0.0417456845412076,0.2363508122776131,0.5,0.5,external_validation,False,,0.9060932932296751,augmentation,0.015468293229675134,0.890625,0.1432685235793181,0.0417456845412076,0.2363508122776131,0.0,0.0,0.0,0.0,3.0,1.0,-2.0
BNCI2014_004,BNCI2014_004,9,2,baseline,baseline_ce_cropped_shallow_convnet,0.875,0.1678510505332035,0.0370374207144185,0.2700228833177321,0.9,0.1666396788543235,0.051801737534969,0.2715649805998929,0.5,0.5,external_validation,False,,0.8785110709303536,baseline,-0.02148892906964639,0.9,0.1666396788543235,0.051801737534969,0.2715649805998929,0.0,0.0,0.0,0.0,3.0,3.0,0.0
BNCI2014_004,BNCI2014_004,9,2,seed_ensemble,seed_ensemble,0.88125,0.1646083250268197,0.0267954492969534,0.263942429145248,0.896875,0.155383316958224,0.0410165622736879,0.2559489447114663,0.5,0.5,external_validation,False,,0.880320833039635,seed_ensemble,-0.016554166960364936,0.9,0.1666396788543235,0.051801737534969,0.2715649805998929,-0.0031250000000000444,-0.011256361896099493,-0.010785175261281102,-0.015616035888426638,1.0,1.0,0.0
BNCI2014_004,BNCI2014_004,9,2,teacher_student_mixture,teacher_student_probability_mixing,0.875,0.1678510505332035,0.0370374207144185,0.2700228833177321,0.9,0.1666396788543235,0.051801737534969,0.2715649805998929,0.5,0.5,external_validation,False,,0.8785110709303536,teacher_student_mixture,-0.02148892906964639,0.9,0.1666396788543235,0.051801737534969,0.2715649805998929,0.0,0.0,0.0,0.0,3.0,3.0,0.0
BNCI2014_004,BNCI2014_004,9,2,augmentation,best_light_augmentation,0.875,0.1678510505332035,0.0370374207144185,0.2700228833177321,0.9,0.1666396788543235,0.051801737534969,0.2715649805998929,0.5,0.5,external_validation,False,,0.8785110709303536,augmentation,-0.02148892906964639,0.9,0.1666396788543235,0.051801737534969,0.2715649805998929,0.0,0.0,0.0,0.0,3.0,3.0,0.0
BNCI2014_004,BNCI2014_004,1,2,validation_selected_portfolio,validation_selected_portfolio,0.8,0.2421338762807161,0.1341837692090474,0.3827212852108041,0.7125,0.4041076879459899,0.111213050714761,0.6269103120458184,0.5,0.5,external_validation,False,teacher_student_mixture,0.8217871381253901,teacher_student_mixture,0.10928713812539004,0.703125,0.4405528074480704,0.1588974053742967,0.7300114821182986,0.009375000000000022,-0.036445119502080514,-0.0476843546595357,-0.10310117007248021,1.0,1.0,0.0
BNCI2014_004,BNCI2014_004,2,2,validation_selected_portfolio,validation_selected_portfolio,0.59375,0.4609809711740221,0.1351441938584495,0.6527246438099007,0.5678571428571428,0.4871780547141099,0.1065159605346737,0.6805528188323885,0.5,0.5,external_validation,False,augmentation,0.6016185981344975,augmentation,0.033761455277354635,0.5857142857142857,0.4839666603419411,0.0943793664109938,0.6772952345721787,-0.017857142857142905,0.00321139437216883,0.0121365941236799,0.0032575842602098337,1.0,4.0,3.0
BNCI2014_004,BNCI2014_004,3,2,validation_selected_portfolio,validation_selected_portfolio,0.5,0.4986548552812744,0.1417204797770037,0.6917976575891799,0.525,0.4979475147058587,0.0673620475074044,0.691088525455428,0.5,0.5,external_validation,False,teacher_student_mixture,0.5228044595735238,teacher_student_mixture,-0.0021955404264761835,0.534375,0.4999607999456595,0.0840993916071433,0.6931079841022718,-0.009375000000000022,-0.0020132852398008216,-0.0167373440997389,-0.0020194586468438303,1.0,1.0,0.0
BNCI2014_004,BNCI2014_004,4,2,validation_selected_portfolio,validation_selected_portfolio,0.99375,0.0139166726896408,0.0023659800642669,0.0220434156070473,0.9625,0.0546282140246453,0.0149408084574628,0.1062071013769571,0.5,0.5,external_validation,False,augmentation,0.9773364365858885,augmentation,0.014836436585888513,0.96875,0.0548598407778559,0.0207896919964182,0.0990684162447893,-0.006249999999999978,-0.00023162675321059673,-0.0058488835389554,0.007138685132167796,1.0,2.0,1.0
BNCI2014_004,BNCI2014_004,5,2,validation_selected_portfolio,validation_selected_portfolio,0.93125,0.1041667392525742,0.0313038475311616,0.1728811632734637,0.853125,0.2173090267127623,0.0647855866965161,0.3802420864122338,0.5,0.5,external_validation,False,augmentation,0.9138065841627009,augmentation,0.06068158416270086,0.90625,0.1436792390607257,0.0312150336518278,0.2513728438354918,-0.05312499999999998,0.07362978765203662,0.0335705530446883,0.12886924257674198,1.0,4.0,3.0
BNCI2014_004,BNCI2014_004,6,2,validation_selected_portfolio,validation_selected_portfolio,0.7625,0.2999945054079756,0.0694104793380227,0.4565754770639055,0.859375,0.2186941639895748,0.0556732994880889,0.3494408600899391,0.5,0.5,external_validation,False,augmentation,0.8111778126319742,augmentation,-0.04819718736802581,0.821875,0.258719497759862,0.0596839024450759,0.4015681095960908,0.03749999999999998,-0.04002533377028722,-0.004010602956986999,-0.05212724950615172,1.0,1.0,0.0
BNCI2014_004,BNCI2014_004,7,2,validation_selected_portfolio,validation_selected_portfolio,0.875,0.1989952782021225,0.0820575216078691,0.3326170682729192,0.76875,0.3045804933847743,0.0597584762207843,0.4666609789723986,0.5,0.5,external_validation,False,augmentation,0.8088682787787779,augmentation,0.04011827877877783,0.76875,0.3045804933847743,0.0597584762207843,0.4666609789723986,0.0,0.0,0.0,0.0,1.0,2.0,1.0
BNCI2014_004,BNCI2014_004,8,2,validation_selected_portfolio,validation_selected_portfolio,0.86875,0.1818687154365651,0.0677190881038513,0.280241867661142,0.8875,0.1560667462377187,0.0326618951680484,0.2532728713380042,0.5,0.5,external_validation,False,seed_ensemble,0.9065729920972434,seed_ensemble,0.019072992097243446,0.890625,0.1432685235793181,0.0417456845412076,0.2363508122776131,-0.0031250000000000444,0.01279822265840061,-0.0090837893731592,0.016922059060391098,1.0,4.0,3.0
BNCI2014_004,BNCI2014_004,9,2,validation_selected_portfolio,validation_selected_portfolio,0.88125,0.1646083250268197,0.0267954492969534,0.263942429145248,0.896875,0.155383316958224,0.0410165622736879,0.2559489447114663,0.5,0.5,external_validation,False,seed_ensemble,0.880320833039635,seed_ensemble,-0.016554166960364936,0.9,0.1666396788543235,0.051801737534969,0.2715649805998929,-0.0031250000000000444,-0.011256361896099493,-0.010785175261281102,-0.015616035888426638,1.0,1.0,0.0
