dataset,dataset_key,subject,n_methods,metric,selected_method,oracle_method,selection_correct,heldout_selected,heldout_oracle,regret,spearman_rho,mean_abs_rank_shift,norm_rank_shift,chance_value,norm_regret,regret_fixed__baseline,regret_fixed__seed_ensemble,regret_fixed__teacher_student_mixture,regret_fixed__augmentation,regret_fixed__crop_aggregation,regret_fixed__brier_loss,regret_fixed__calibration_grid,regret_fixed__stronger_teacher,regret_fixed__swa_ema,regret_fixed__calibration_checkpoint,regret_fixed__architecture
BNCI2014_001,BNCI2014_001,1,4,Brier,teacher_student_mixture,teacher_student_mixture,True,0.2452899706012873,0.2452899706012873,0.0,0.39999999999999997,1.0,0.3333333333333333,0.75,0.0,0.02385246049615239,0.012941183821771979,0.0,0.05486899167056622,,,,,,,
BNCI2014_001,BNCI2014_001,2,4,Brier,augmentation,teacher_student_mixture,False,0.7229830940289664,0.5997133819284657,0.12326971210050075,-0.39999999999999997,1.5,0.5,0.75,0.164359616134001,0.10246652006170798,0.10185722204402414,0.0,0.12326971210050075,,,,,,,
BNCI2014_001,BNCI2014_001,3,4,Brier,teacher_student_mixture,baseline,False,0.2066741943446036,0.1948154950753231,0.011858699269280515,0.39999999999999997,1.0,0.3333333333333333,0.75,0.015811599025707352,0.0,0.0451069201837794,0.011858699269280515,0.035921370934903524,,,,,,,
BNCI2014_001,BNCI2014_001,4,4,Brier,teacher_student_mixture,seed_ensemble,False,0.4431934876892827,0.4330014029756274,0.010192084713655292,-0.3333333333333334,1.5,0.5,0.75,0.013589446284873722,0.015054548966527581,0.0,0.010192084713655292,0.015054548966527581,,,,,,,
BNCI2014_001,BNCI2014_001,5,4,Brier,augmentation,augmentation,True,0.6786258272099587,0.6786258272099587,0.0,0.7999999999999999,0.5,0.16666666666666666,0.75,0.0,0.01817136450303125,0.005786127006110586,0.01831884957503216,0.0,,,,,,,
BNCI2014_001,BNCI2014_001,6,4,Brier,seed_ensemble,seed_ensemble,True,0.578352182054894,0.578352182054894,0.0,0.19999999999999998,1.0,0.3333333333333333,0.75,0.0,0.04081288244651471,0.0,0.046210320524324056,0.025417540086042356,,,,,,,
BNCI2014_001,BNCI2014_001,7,4,Brier,teacher_student_mixture,baseline,False,0.4169180275411544,0.2887059934926252,0.1282120340485292,-0.3333333333333334,1.5,0.5,0.75,0.17094937873137228,0.0,0.05068189407650198,0.1282120340485292,0.0,,,,,,,
BNCI2014_001,BNCI2014_001,8,4,Brier,teacher_student_mixture,augmentation,False,0.2916043246420517,0.2482814043955397,0.04332292024651202,-0.19999999999999998,1.5,0.5,0.75,0.05776389366201603,0.012217450157837817,0.013083797383185991,0.04332292024651202,0.0,,,,,,,
BNCI2014_001,BNCI2014_001,9,4,Brier,seed_ensemble,seed_ensemble,True,0.2938134268827215,0.2938134268827215,0.0,0.39999999999999997,1.0,0.3333333333333333,0.75,0.0,0.012104251302674396,0.0,0.026480695043210323,0.03326693989389812,,,,,,,
BNCI2014_004,BNCI2014_004,1,4,Brier,teacher_student_mixture,teacher_student_mixture,True,0.4041076879459899,0.4041076879459899,0.0,1.0,0.0,0.0,0.5,0.0,0.036445119502080514,0.011408719817313118,0.0,0.036445119502080514,,,,,,,
BNCI2014_004,BNCI2014_004,2,4,Brier,augmentation,baseline,False,0.4871780547141099,0.4839666603419411,0.00321139437216883,-0.3333333333333334,1.5,0.5,0.5,0.00642278874433766,0.0,0.0008932302629338085,0.0,0.00321139437216883,,,,,,,
BNCI2014_004,BNCI2014_004,3,4,Brier,teacher_student_mixture,teacher_student_mixture,True,0.4979475147058587,0.4979475147058587,0.0,0.3333333333333334,1.0,0.3333333333333333,0.5,0.0,0.0020132852398008216,0.001619608323887689,0.0,0.0020132852398008216,,,,,,,
BNCI2014_004,BNCI2014_004,4,4,Brier,augmentation,seed_ensemble,False,0.0546282140246453,0.0545870983764315,4.111564821380337e-05,0.6000000000000001,1.0,0.3333333333333333,0.5,8.223129642760674e-05,0.0002727424014244001,0.0,0.005973313725832201,4.111564821380337e-05,,,,,,,
BNCI2014_004,BNCI2014_004,5,4,Brier,augmentation,baseline,False,0.2173090267127623,0.1436792390607257,0.07362978765203662,-0.39999999999999997,1.5,0.5,0.5,0.14725957530407324,0.0,0.05212243491391971,0.0014263801936691134,0.07362978765203662,,,,,,,
BNCI2014_004,BNCI2014_004,6,4,Brier,augmentation,augmentation,True,0.2186941639895748,0.2186941639895748,0.0,1.0,0.0,0.0,0.5,0.0,0.04002533377028722,0.02484014597387879,0.04002533377028722,0.0,,,,,,,
BNCI2014_004,BNCI2014_004,7,4,Brier,baseline,seed_ensemble,False,0.3045804933847743,0.3018613519238667,0.0027191414609075704,-1.0,1.5,0.5,0.5,0.005438282921815141,0.0027191414609075704,0.0,0.0027191414609075704,0.0027191414609075704,,,,,,,
BNCI2014_004,BNCI2014_004,8,4,Brier,seed_ensemble,baseline,False,0.1560667462377187,0.1432685235793181,0.01279822265840061,-1.0,1.5,0.5,0.5,0.02559644531680122,0.0,0.01279822265840061,0.0,0.0,,,,,,,
BNCI2014_004,BNCI2014_004,9,4,Brier,seed_ensemble,seed_ensemble,True,0.155383316958224,0.155383316958224,0.0,1.0,0.0,0.0,0.5,0.0,0.011256361896099493,0.0,0.011256361896099493,0.011256361896099493,,,,,,,
BCI IV-2a,bci4_2a,1,11,Brier,architecture,seed_ensemble,False,0.2576499892256054,0.2364535324749427,0.0211964567506627,0.6090909090909091,2.1818181818181817,0.21818181818181817,0.75,0.028261942334216934,0.0397942318619309,0.0,0.007751860194982918,0.034314617817365306,0.03408138540994629,0.03923888727649591,0.053748869111370084,0.10917122564021689,0.04674416140851681,0.049419999531007036,0.0211964567506627
BCI IV-2a,bci4_2a,2,11,Brier,augmentation,seed_ensemble,False,0.6160447820402373,0.5653349724344872,0.05070980960575011,-0.004566210045662101,3.8181818181818183,0.38181818181818183,0.75,0.06761307947433348,0.0417037787622736,0.0,0.04379119621097871,0.05070980960575011,0.028913146081964936,0.028610313252998787,0.0642040345550201,0.13352349089133964,0.0417037787622736,0.04391517457327054,0.03700824788092216
BCI IV-2a,bci4_2a,3,11,Brier,calibration_grid,seed_ensemble,False,0.139793486674764,0.0873146539147688,0.052478832759995195,0.22374429223744294,3.090909090909091,0.3090909090909091,0.75,0.06997177701332692,0.029052976049659507,0.0,0.04511769535648501,0.029052976049659507,0.029845037045954106,0.02931279472901341,0.052478832759995195,0.6784708173998996,0.03721243759749311,0.0486642415577883,0.0290627791384878
BCI IV-2a,bci4_2a,4,11,Brier,calibration_grid,augmentation,False,0.4395984301213299,0.3826067827700273,0.05699164735130258,0.26027397260273977,2.909090909090909,0.2909090909090909,0.75,0.0759888631350701,0.02014497386674191,0.005221054507719092,0.02014497386674191,0.0,0.01939650907700169,0.01984302667653809,0.05699164735130258,0.3840836743657296,0.045518861670474586,0.03792808046818602,0.0818881250255864
BCI IV-2a,bci4_2a,5,11,Brier,calibration_grid,teacher_student_mixture,False,0.6091076791993605,0.5721773125576596,0.03693036664170091,0.20952380952380953,3.090909090909091,0.3090909090909091,0.75,0.04924048885560121,0.0015710670284674322,0.02442310602451836,0.0,0.0015710670284674322,0.0015710670284674322,0.0015710670284674322,0.03693036664170091,0.21280571346401878,0.006421862866226591,0.004082888731670065,0.0010385612140400013
BCI IV-2a,bci4_2a,6,11,Brier,crop_aggregation,teacher_student_mixture,False,0.6283262019914053,0.6189625585740739,0.009363643417331424,0.5047619047619047,1.4545454545454546,0.14545454545454545,0.75,0.012484857889775233,0.005262049547820391,0.0006339458059080316,0.0,0.005262049547820391,0.009363643417331424,0.005434709911488866,0.005262049547820391,0.09627625067725765,0.012521635007759269,0.005262049547820391,0.00447160934377977
BCI IV-2a,bci4_2a,7,11,Brier,architecture,architecture,True,0.2908900279150438,0.2908900279150438,0.0,0.5185185185185185,2.5454545454545454,0.2545454545454545,0.75,0.0,0.12356000484251739,0.0924361586110708,0.04732538149647808,0.014449333018935862,0.12356000484251739,0.1213461984384947,0.12356000484251739,0.12187563290500569,0.1022986959590369,0.081502275110235,0.0
BCI IV-2a,bci4_2a,8,11,Brier,architecture,architecture,True,0.2691421507564467,0.2691421507564467,0.0,0.07407407407407407,2.727272727272727,0.2727272727272727,0.75,0.0,0.026343692535537977,0.025642017904842218,0.058454538956064284,0.026343692535537977,0.02354248145173038,0.02500413376267019,0.08556350936358409,0.3910157153753932,0.0179430230428978,0.026343692535537977,0.0
BCI IV-2a,bci4_2a,9,11,Brier,architecture,augmentation,False,0.3714167667807064,0.2895247072247455,0.0818920595559609,0.18181818181818182,2.727272727272727,0.2727272727272727,0.75,0.1091894127412812,0.042651834894903484,0.0059729384731928015,0.0472343752320723,0.0,0.0475331027568644,0.0402287602716076,0.028765884668972286,0.32319477591902973,0.026558028805988232,0.0376131354384881,0.0818920595559609
BCI IIIa,bci_iiia,k3b,4,Brier,augmentation,augmentation,True,0.2316957011988648,0.2316957011988648,0.0,1.0,0.0,0.0,0.75,0.0,0.011266125016257122,0.0003167653113577973,0.001673659967402208,0.0,,,,,,,
BCI IIIa,bci_iiia,k6b,4,Brier,augmentation,augmentation,True,0.4033880420569031,0.4033880420569031,0.0,1.0,0.0,0.0,0.75,0.0,0.05341449917647301,0.0374863041206101,0.001695660205028593,0.0,,,,,,,
BCI IIIa,bci_iiia,l1b,4,Brier,seed_ensemble,seed_ensemble,True,0.3843264849767187,0.3843264849767187,0.0,1.0,0.0,0.0,0.75,0.0,0.0807701553446169,0.0,0.035413235678427524,0.04435785840631923,,,,,,,
