dataset,arch,variant,baseline_narrowband,baseline_broadband,foundation_model,n,acc_narrowband,acc_broadband,acc_fm,total_gap,band_gap,model_gap,pipeline_effect,band_share,model_share,band_p_raw,model_p_raw,band_wins,model_wins,p_floor,shares_meaningful,band_p_bh,model_p_bh
bci4_2a,atcnet,base,atcnet_narrowband_tuned,atcnet_broadband_tuned,labram_loso,9,0.5787738496071829,0.65625,0.2750771604938272,0.3036966891133558,-0.07747615039281709,0.3811728395061728,helps,-0.2551102898718098,1.2551102898718096,0.0390625,0.00390625,1/9,9/9,0.00390625,True,0.0732421875,0.01171875
bci4_2a,atcnet,base,atcnet_narrowband_tuned,atcnet_broadband_tuned,labram_finetune_sel,9,0.5787738496071829,0.65625,0.310570987654321,0.26820286195286197,-0.07747615039281709,0.34567901234567905,helps,-0.2888714528573298,1.2888714528573297,0.0390625,0.00390625,1/9,9/9,0.00390625,True,0.0732421875,0.01171875
bci4_2a,atcnet,base,atcnet_narrowband_tuned,atcnet_broadband_tuned,labram_frozen_p4,9,0.5787738496071829,0.65625,0.3167438271604938,0.2620300224466891,-0.07747615039281709,0.3395061728395062,helps,-0.2956766162494982,1.2956766162494981,0.0390625,0.00390625,1/9,9/9,0.00390625,True,0.0732421875,0.01171875
bci4_2a,atcnet,base,atcnet_narrowband_tuned,atcnet_broadband_tuned,labram_frozen_p2,9,0.5787738496071829,0.65625,0.33217592592592593,0.24659792368125702,-0.07747615039281709,0.3240740740740741,helps,-0.3141800597354574,1.3141800597354574,0.0390625,0.00390625,1/9,9/9,0.0078125,True,0.0732421875,0.01171875
bci4_2a,atcnet,base,atcnet_narrowband_tuned,atcnet_broadband_tuned,cbramod_frozen_p4,9,0.5787738496071829,0.65625,0.34336419753086417,0.23540965207631873,-0.07747615039281709,0.3128858024691358,helps,-0.32911203814064377,1.3291120381406436,0.0390625,0.00390625,1/9,9/9,0.00390625,True,0.0732421875,0.01171875
bci4_2a,atcnet,base,atcnet_narrowband_tuned,atcnet_broadband_tuned,cbramod_loso,9,0.5787738496071829,0.65625,0.3865740740740741,0.19219977553310885,-0.07747615039281709,0.2696759259259259,helps,-0.4031021897810221,1.4031021897810216,0.0390625,0.00390625,1/9,9/9,0.00390625,True,0.0732421875,0.01171875
bci4_2a,atcnet,base,atcnet_narrowband_tuned,atcnet_broadband_tuned,cbramod_frozen_p2,9,0.5787738496071829,0.65625,0.3927469135802469,0.18602693602693604,-0.07747615039281709,0.2635030864197531,helps,-0.41647812971342396,1.416478129713424,0.0390625,0.00390625,1/9,9/9,0.00390625,True,0.0732421875,0.01171875
bci4_2a,atcnet,base,atcnet_narrowband_tuned,atcnet_broadband_tuned,cbramod_finetune_sel,9,0.5787738496071829,0.65625,0.47955246913580246,0.09922138047138046,-0.07747615039281709,0.1766975308641975,helps,-0.7808412866737368,1.7808412866737362,0.0390625,0.00390625,1/9,9/9,0.00390625,True,0.0732421875,0.01171875
bci4_2a,eegconformer,base,eegconformer_narrowband_tuned,eegconformer_broadband_tuned,labram_loso,9,0.6181607744107745,0.5304783950617283,0.2750771604938272,0.34308361391694725,0.087682379349046,0.2554012345679012,costs,0.25557145777959517,0.7444285422204048,0.12890625,0.00390625,8/9,9/9,0.00390625,True,0.17578125,0.01171875
bci4_2a,eegconformer,base,eegconformer_narrowband_tuned,eegconformer_broadband_tuned,labram_finetune_sel,9,0.6181607744107745,0.5304783950617283,0.310570987654321,0.3075897867564534,0.087682379349046,0.2199074074074074,costs,0.28506271379703535,0.7149372862029648,0.12890625,0.00390625,8/9,9/9,0.00390625,True,0.17578125,0.01171875
bci4_2a,eegconformer,base,eegconformer_narrowband_tuned,eegconformer_broadband_tuned,labram_frozen_p4,9,0.6181607744107745,0.5304783950617283,0.3167438271604938,0.30141694725028056,0.087682379349046,0.21373456790123455,costs,0.2909006283453572,0.7090993716546428,0.12890625,0.0078125,8/9,8/9,0.00390625,True,0.17578125,0.01953125
bci4_2a,eegconformer,base,eegconformer_narrowband_tuned,eegconformer_broadband_tuned,labram_frozen_p2,9,0.6181607744107745,0.5304783950617283,0.33217592592592593,0.2859848484848484,0.087682379349046,0.19830246913580246,costs,0.30659798871719407,0.6934020112828062,0.12890625,0.0078125,8/9,8/9,0.00390625,True,0.17578125,0.01953125
bci4_2a,eegconformer,base,eegconformer_narrowband_tuned,eegconformer_broadband_tuned,cbramod_frozen_p4,9,0.6181607744107745,0.5304783950617283,0.34336419753086417,0.27479657687991016,0.087682379349046,0.1871141975308642,costs,0.3190810465858328,0.6809189534141673,0.12890625,0.01171875,8/9,8/9,0.00390625,True,0.17578125,0.028505067567567568
bci4_2a,eegconformer,base,eegconformer_narrowband_tuned,eegconformer_broadband_tuned,cbramod_loso,9,0.6181607744107745,0.5304783950617283,0.3865740740740741,0.23158670033670037,0.087682379349046,0.14390432098765432,costs,0.3786157807057397,0.6213842192942601,0.12890625,0.01953125,8/9,8/9,0.00390625,True,0.17578125,0.0439453125
bci4_2a,eegconformer,base,eegconformer_narrowband_tuned,eegconformer_broadband_tuned,cbramod_frozen_p2,9,0.6181607744107745,0.5304783950617283,0.3927469135802469,0.2254138608305275,0.087682379349046,0.13773148148148148,costs,0.3889839738602769,0.6110160261397231,0.12890625,0.01953125,8/9,7/9,0.00390625,True,0.17578125,0.0439453125
bci4_2a,eegconformer,base,eegconformer_narrowband_tuned,eegconformer_broadband_tuned,cbramod_finetune_sel,9,0.6181607744107745,0.5304783950617283,0.47955246913580246,0.13860830527497192,0.087682379349046,0.050925925925925916,costs,0.6325910931174089,0.3674089068825911,0.12890625,0.12890625,8/9,7/9,0.00390625,True,0.17578125,0.17578125
bci4_2a,shallow_convnet,base,shallow_convnet_narrowband_tuned,shallow_convnet_broadband_tuned,labram_loso,9,0.6452721661054994,0.6084104938271605,0.2750771604938272,0.37019500561167223,0.03686167227833895,0.33333333333333326,costs,0.0995736617716722,0.9004263382283277,0.25,0.00390625,5/9,9/9,0.00390625,True,0.30405405405405406,0.01171875
bci4_2a,shallow_convnet,base,shallow_convnet_narrowband_tuned,shallow_convnet_broadband_tuned,labram_finetune_sel,9,0.6452721661054994,0.6084104938271605,0.310570987654321,0.3347011784511784,0.03686167227833895,0.2978395061728395,costs,0.11013308184009223,0.8898669181599078,0.25,0.00390625,5/9,9/9,0.00390625,True,0.30405405405405406,0.01171875
bci4_2a,shallow_convnet,base,shallow_convnet_narrowband_tuned,shallow_convnet_broadband_tuned,labram_frozen_p4,9,0.6452721661054994,0.6084104938271605,0.3167438271604938,0.3285283389450056,0.03686167227833895,0.2916666666666667,costs,0.1122024127255258,0.8877975872744743,0.25,0.00390625,5/9,9/9,0.00390625,True,0.30405405405405406,0.01171875
bci4_2a,shallow_convnet,base,shallow_convnet_narrowband_tuned,shallow_convnet_broadband_tuned,labram_frozen_p2,9,0.6452721661054994,0.6084104938271605,0.33217592592592593,0.3130962401795735,0.03686167227833895,0.2762345679012345,costs,0.11773272095888877,0.8822672790411111,0.25,0.00390625,5/9,9/9,0.00390625,True,0.30405405405405406,0.01171875
bci4_2a,shallow_convnet,base,shallow_convnet_narrowband_tuned,shallow_convnet_broadband_tuned,cbramod_frozen_p4,9,0.6452721661054994,0.6084104938271605,0.34336419753086417,0.30190796857463525,0.03686167227833895,0.2650462962962963,costs,0.1220957249070632,0.8779042750929367,0.25,0.0078125,5/9,8/9,0.00390625,True,0.30405405405405406,0.01953125
bci4_2a,shallow_convnet,base,shallow_convnet_narrowband_tuned,shallow_convnet_broadband_tuned,cbramod_loso,9,0.6452721661054994,0.6084104938271605,0.3865740740740741,0.2586980920314253,0.03686167227833895,0.22183641975308643,costs,0.14248915401301523,0.8575108459869851,0.25,0.0078125,5/9,8/9,0.00390625,True,0.30405405405405406,0.01953125
bci4_2a,shallow_convnet,base,shallow_convnet_narrowband_tuned,shallow_convnet_broadband_tuned,cbramod_frozen_p2,9,0.6452721661054994,0.6084104938271605,0.3927469135802469,0.25252525252525254,0.03686167227833895,0.21566358024691357,costs,0.14597222222222223,0.8540277777777777,0.25,0.01953125,5/9,7/9,0.00390625,True,0.30405405405405406,0.0439453125
bci4_2a,shallow_convnet,base,shallow_convnet_narrowband_tuned,shallow_convnet_broadband_tuned,cbramod_finetune_sel,9,0.6452721661054994,0.6084104938271605,0.47955246913580246,0.16571969696969693,0.03686167227833895,0.12885802469135801,costs,0.22243386243386248,0.7775661375661377,0.25,0.09765625,5/9,8/9,0.00390625,True,0.30405405405405406,0.15419407894736842
bnci2014_004,atcnet,base,atcnet_narrowband_tuned,atcnet_broadband_tuned,labram_loso,9,0.7970238095238096,0.8457837301587302,0.5358630952380952,0.2611607142857143,-0.048759920634920614,0.30992063492063493,helps,-0.18670465337131995,1.18670465337132,0.65234375,0.00390625,4/9,9/9,0.00390625,True,0.6671697443181818,0.01171875
bnci2014_004,atcnet,base,atcnet_narrowband_tuned,atcnet_broadband_tuned,labram_frozen_p2,9,0.7970238095238096,0.8457837301587302,0.5453373015873015,0.251686507936508,-0.048759920634920614,0.30044642857142856,helps,-0.19373275522270386,1.1937327552227037,0.65234375,0.00390625,4/9,9/9,0.00390625,True,0.6671697443181818,0.01171875
bnci2014_004,atcnet,base,atcnet_narrowband_tuned,atcnet_broadband_tuned,labram_frozen_p4,9,0.7970238095238096,0.8457837301587302,0.5476190476190477,0.24940476190476188,-0.048759920634920614,0.29816468253968254,helps,-0.19550517104216383,1.195505171042164,0.65234375,0.00390625,4/9,9/9,0.00390625,True,0.6671697443181818,0.01171875
bnci2014_004,atcnet,base,atcnet_narrowband_tuned,atcnet_broadband_tuned,cbramod_loso,9,0.7970238095238096,0.8457837301587302,0.6020833333333333,0.19494047619047616,-0.048759920634920614,0.24370039682539682,helps,-0.25012722646310426,1.2501272264631045,0.65234375,0.00390625,4/9,9/9,0.00390625,True,0.6671697443181818,0.01171875
bnci2014_004,atcnet,base,atcnet_narrowband_tuned,atcnet_broadband_tuned,cbramod_frozen_p2,9,0.7970238095238096,0.8457837301587302,0.6180059523809524,0.17901785714285717,-0.048759920634920614,0.22777777777777775,helps,-0.2723746190080353,1.2723746190080352,0.65234375,0.00390625,4/9,9/9,0.00390625,True,0.6671697443181818,0.01171875
bnci2014_004,atcnet,base,atcnet_narrowband_tuned,atcnet_broadband_tuned,cbramod_frozen_p4,9,0.7970238095238096,0.8457837301587302,0.6263392857142858,0.17068452380952384,-0.048759920634920614,0.21944444444444444,helps,-0.2856727695437371,1.285672769543737,0.65234375,0.00390625,4/9,9/9,0.00390625,True,0.6671697443181818,0.01171875
bnci2014_004,atcnet,base,atcnet_narrowband_tuned,atcnet_broadband_tuned,cbramod_finetune_sel,9,0.7970238095238096,0.8457837301587302,0.8084821428571429,-0.011458333333333336,-0.048759920634920614,0.03730158730158728,helps,,,0.65234375,0.07421875,4/9,7/9,0.00390625,False,0.6671697443181818,0.1363201530612245
bnci2014_004,eegconformer,base,eegconformer_narrowband_tuned,eegconformer_broadband_tuned,labram_loso,9,0.7975694444444444,0.7981150793650793,0.5358630952380952,0.26170634920634916,-0.0005456349206349002,0.2622519841269841,helps,-0.002084912812736844,1.002084912812737,0.65234375,0.00390625,6/9,9/9,0.00390625,True,0.6671697443181818,0.01171875
bnci2014_004,eegconformer,base,eegconformer_narrowband_tuned,eegconformer_broadband_tuned,labram_frozen_p2,9,0.7975694444444444,0.7981150793650793,0.5453373015873015,0.25223214285714285,-0.0005456349206349002,0.25277777777777777,helps,-0.0021632251720746483,1.0021632251720747,0.65234375,0.00390625,6/9,9/9,0.00390625,True,0.6671697443181818,0.01171875
bnci2014_004,eegconformer,base,eegconformer_narrowband_tuned,eegconformer_broadband_tuned,labram_frozen_p4,9,0.7975694444444444,0.7981150793650793,0.5476190476190477,0.24995039682539685,-0.0005456349206349002,0.25049603174603174,helps,-0.002182972812065804,1.0021829728120657,0.65234375,0.00390625,6/9,9/9,0.00390625,True,0.6671697443181818,0.01171875
bnci2014_004,eegconformer,base,eegconformer_narrowband_tuned,eegconformer_broadband_tuned,cbramod_loso,9,0.7975694444444444,0.7981150793650793,0.6020833333333333,0.1954861111111111,-0.0005456349206349002,0.19603174603174603,helps,-0.0027911697538694717,1.0027911697538696,0.65234375,0.00390625,6/9,9/9,0.00390625,True,0.6671697443181818,0.01171875
bnci2014_004,eegconformer,base,eegconformer_narrowband_tuned,eegconformer_broadband_tuned,cbramod_frozen_p2,9,0.7975694444444444,0.7981150793650793,0.6180059523809524,0.1795634920634921,-0.0005456349206349002,0.18010912698412695,helps,-0.0030386740331490567,1.003038674033149,0.65234375,0.00390625,6/9,9/9,0.00390625,True,0.6671697443181818,0.01171875
bnci2014_004,eegconformer,base,eegconformer_narrowband_tuned,eegconformer_broadband_tuned,cbramod_frozen_p4,9,0.7975694444444444,0.7981150793650793,0.6263392857142858,0.17123015873015873,-0.0005456349206349002,0.17177579365079365,helps,-0.003186558516801734,1.0031865585168018,0.65234375,0.00390625,6/9,9/9,0.00390625,True,0.6671697443181818,0.01171875
bnci2014_004,eegconformer,base,eegconformer_narrowband_tuned,eegconformer_broadband_tuned,cbramod_finetune_sel,9,0.7975694444444444,0.7981150793650793,0.8084821428571429,-0.01091269841269841,-0.0005456349206349002,-0.01036706349206351,helps,,,0.65234375,0.8203125,6/9,5/9,0.00390625,False,0.6671697443181818,0.8203125
bnci2014_004,shallow_convnet,base,shallow_convnet_narrowband_tuned,shallow_convnet_broadband_tuned,labram_loso,9,0.783531746031746,0.8184523809523809,0.5358630952380952,0.24766865079365077,-0.034920634920634935,0.2825892857142857,helps,-0.14099739635489691,1.140997396354897,0.09765625,0.00390625,3/9,9/9,0.00390625,True,0.15419407894736842,0.01171875
bnci2014_004,shallow_convnet,base,shallow_convnet_narrowband_tuned,shallow_convnet_broadband_tuned,labram_frozen_p2,9,0.783531746031746,0.8184523809523809,0.5453373015873015,0.23819444444444443,-0.034920634920634935,0.2731150793650794,helps,-0.14660558100791343,1.1466055810079137,0.09765625,0.00390625,3/9,9/9,0.00390625,True,0.15419407894736842,0.01171875
bnci2014_004,shallow_convnet,base,shallow_convnet_narrowband_tuned,shallow_convnet_broadband_tuned,labram_frozen_p4,9,0.783531746031746,0.8184523809523809,0.5476190476190477,0.23591269841269843,-0.034920634920634935,0.2708333333333333,helps,-0.1480235492010093,1.1480235492010091,0.09765625,0.00390625,3/9,9/9,0.00390625,True,0.15419407894736842,0.01171875
bnci2014_004,shallow_convnet,base,shallow_convnet_narrowband_tuned,shallow_convnet_broadband_tuned,cbramod_loso,9,0.783531746031746,0.8184523809523809,0.6020833333333333,0.1814484126984127,-0.034920634920634935,0.21636904761904763,helps,-0.19245489338436314,1.192454893384363,0.09765625,0.00390625,3/9,9/9,0.00390625,True,0.15419407894736842,0.01171875
bnci2014_004,shallow_convnet,base,shallow_convnet_narrowband_tuned,shallow_convnet_broadband_tuned,cbramod_frozen_p2,9,0.783531746031746,0.8184523809523809,0.6180059523809524,0.16552579365079365,-0.034920634920634935,0.20044642857142858,helps,-0.21096793527120178,1.2109679352712017,0.09765625,0.0078125,3/9,8/9,0.00390625,True,0.15419407894736842,0.01953125
bnci2014_004,shallow_convnet,base,shallow_convnet_narrowband_tuned,shallow_convnet_broadband_tuned,cbramod_frozen_p4,9,0.783531746031746,0.8184523809523809,0.6263392857142858,0.15719246031746031,-0.034920634920634935,0.19211309523809528,helps,-0.222152098453771,1.2221520984537713,0.09765625,0.0078125,3/9,8/9,0.00390625,True,0.15419407894736842,0.01953125
bnci2014_004,shallow_convnet,base,shallow_convnet_narrowband_tuned,shallow_convnet_broadband_tuned,cbramod_finetune_sel,9,0.783531746031746,0.8184523809523809,0.8084821428571429,-0.02495039682539684,-0.034920634920634935,0.009970238095238091,helps,,,0.09765625,0.8203125,3/9,6/9,0.00390625,False,0.15419407894736842,0.8203125
