dataset,subject,experiment_key,method_label,metric,baseline,candidate,delta
BCI IV-2a,1,seed_ensemble,Seed ensemble,Brier,0.2762477643368736,0.2364535324749427,-0.0397942318619309
BCI IV-2a,2,seed_ensemble,Seed ensemble,Brier,0.6070387511967608,0.5653349724344872,-0.0417037787622736
BCI IV-2a,3,seed_ensemble,Seed ensemble,Brier,0.1163676299644283,0.0873146539147688,-0.029052976049659507
BCI IV-2a,4,seed_ensemble,Seed ensemble,Brier,0.4027517566367692,0.3878278372777464,-0.01492391935902282
BCI IV-2a,5,seed_ensemble,Seed ensemble,Brier,0.573748379586127,0.5966004185821779,0.022852038996050927
BCI IV-2a,6,seed_ensemble,Seed ensemble,Brier,0.6242246081218943,0.6195965043799819,-0.004628103741912359
BCI IV-2a,7,seed_ensemble,Seed ensemble,Brier,0.4144500327575612,0.3833261865261146,-0.031123846231446595
BCI IV-2a,8,seed_ensemble,Seed ensemble,Brier,0.2954858432919847,0.2947841686612889,-0.0007016746306957589
BCI IV-2a,9,seed_ensemble,Seed ensemble,Brier,0.332176542119649,0.2954976456979383,-0.03667889642171068
BCI IV-2a,1,seed_ensemble,Seed ensemble,accuracy,0.8020833333333334,0.8506944444444444,0.04861111111111105
BCI IV-2a,2,seed_ensemble,Seed ensemble,accuracy,0.5208333333333334,0.5520833333333334,0.03125
BCI IV-2a,3,seed_ensemble,Seed ensemble,accuracy,0.9201388888888888,0.9409722222222222,0.02083333333333337
BCI IV-2a,4,seed_ensemble,Seed ensemble,accuracy,0.6840277777777778,0.71875,0.03472222222222221
BCI IV-2a,5,seed_ensemble,Seed ensemble,accuracy,0.5555555555555556,0.5520833333333334,-0.00347222222222221
BCI IV-2a,6,seed_ensemble,Seed ensemble,accuracy,0.4861111111111111,0.4826388888888889,-0.00347222222222221
BCI IV-2a,7,seed_ensemble,Seed ensemble,accuracy,0.71875,0.7291666666666666,0.01041666666666663
BCI IV-2a,8,seed_ensemble,Seed ensemble,accuracy,0.8090277777777778,0.8090277777777778,0.0
BCI IV-2a,9,seed_ensemble,Seed ensemble,accuracy,0.7689393939393939,0.7954545454545454,0.02651515151515149
BCI IV-2a,1,seed_ensemble,Seed ensemble,ECE,0.0517902093919036,0.0602049826175276,0.008414773225624006
BCI IV-2a,2,seed_ensemble,Seed ensemble,ECE,0.0815611585910874,0.1158847875159304,0.034323628924843
BCI IV-2a,3,seed_ensemble,Seed ensemble,ECE,0.0386793369228498,0.0160351736514905,-0.022644163271359298
BCI IV-2a,4,seed_ensemble,Seed ensemble,ECE,0.0850228790366982,0.0836338135650005,-0.0013890654716976897
BCI IV-2a,5,seed_ensemble,Seed ensemble,ECE,0.0754264029178357,0.0852307081118671,0.009804305194031401
BCI IV-2a,6,seed_ensemble,Seed ensemble,ECE,0.1328965753895528,0.121163424481714,-0.011733150907838802
BCI IV-2a,7,seed_ensemble,Seed ensemble,ECE,0.1224114974977541,0.1393177591783515,0.016906261680597418
BCI IV-2a,8,seed_ensemble,Seed ensemble,ECE,0.0575844901485496,0.0717839020220434,0.014199411873493807
BCI IV-2a,9,seed_ensemble,Seed ensemble,ECE,0.0818248603427216,0.0524524987007237,-0.0293723616419979
BCI IV-2a,1,seed_ensemble,Seed ensemble,NLL,0.4919925734201141,0.4687166637239279,-0.023275909696186203
BCI IV-2a,2,seed_ensemble,Seed ensemble,NLL,1.1320919104385088,1.0426444129784231,-0.08944749746008562
BCI IV-2a,3,seed_ensemble,Seed ensemble,NLL,0.2057017935856469,0.1510680028359733,-0.054633790749673616
BCI IV-2a,4,seed_ensemble,Seed ensemble,NLL,0.7183599786637865,0.6915674346151108,-0.026792544048675704
BCI IV-2a,5,seed_ensemble,Seed ensemble,NLL,1.0597107518295703,1.1262496722796371,0.06653892045006682
BCI IV-2a,6,seed_ensemble,Seed ensemble,NLL,1.1443077900814724,1.1252477828885934,-0.019060007192879036
BCI IV-2a,7,seed_ensemble,Seed ensemble,NLL,0.7175349849904666,0.7432046366061414,0.025669651615674804
BCI IV-2a,8,seed_ensemble,Seed ensemble,NLL,0.5958342926754628,0.6176546402185371,0.02182034754307427
BCI IV-2a,9,seed_ensemble,Seed ensemble,NLL,0.5969126745237632,0.5331161490569613,-0.06379652546680192
BCI IV-2a,1,augmentation,Augmentation,Brier,0.2762477643368736,0.270768150292308,-0.005479614044565595
BCI IV-2a,2,augmentation,Augmentation,Brier,0.6070387511967608,0.6160447820402373,0.009006030843476509
BCI IV-2a,3,augmentation,Augmentation,Brier,0.1163676299644283,0.1163676299644283,0.0
BCI IV-2a,4,augmentation,Augmentation,Brier,0.4027517566367692,0.3826067827700273,-0.02014497386674191
BCI IV-2a,5,augmentation,Augmentation,Brier,0.573748379586127,0.573748379586127,0.0
BCI IV-2a,6,augmentation,Augmentation,Brier,0.6242246081218943,0.6242246081218943,0.0
BCI IV-2a,7,augmentation,Augmentation,Brier,0.4144500327575612,0.3053393609339797,-0.10911067182358153
BCI IV-2a,8,augmentation,Augmentation,Brier,0.2954858432919847,0.2954858432919847,0.0
BCI IV-2a,9,augmentation,Augmentation,Brier,0.332176542119649,0.2895247072247455,-0.042651834894903484
BCI IV-2a,1,augmentation,Augmentation,accuracy,0.8020833333333334,0.8090277777777778,0.00694444444444442
BCI IV-2a,2,augmentation,Augmentation,accuracy,0.5208333333333334,0.5347222222222222,0.01388888888888884
BCI IV-2a,3,augmentation,Augmentation,accuracy,0.9201388888888888,0.9201388888888888,0.0
BCI IV-2a,4,augmentation,Augmentation,accuracy,0.6840277777777778,0.7152777777777778,0.03125
BCI IV-2a,5,augmentation,Augmentation,accuracy,0.5555555555555556,0.5555555555555556,0.0
BCI IV-2a,6,augmentation,Augmentation,accuracy,0.4861111111111111,0.4861111111111111,0.0
BCI IV-2a,7,augmentation,Augmentation,accuracy,0.71875,0.8125,0.09375
BCI IV-2a,8,augmentation,Augmentation,accuracy,0.8090277777777778,0.8090277777777778,0.0
BCI IV-2a,9,augmentation,Augmentation,accuracy,0.7689393939393939,0.7954545454545454,0.02651515151515149
BCI IV-2a,1,augmentation,Augmentation,ECE,0.0517902093919036,0.0547406703320471,0.0029504609401435067
BCI IV-2a,2,augmentation,Augmentation,ECE,0.0815611585910874,0.1421847389762405,0.060623580385153114
BCI IV-2a,3,augmentation,Augmentation,ECE,0.0386793369228498,0.0386793369228498,0.0
BCI IV-2a,4,augmentation,Augmentation,ECE,0.0850228790366982,0.0850938517325674,7.097269586919808e-05
BCI IV-2a,5,augmentation,Augmentation,ECE,0.0754264029178357,0.0754264029178357,0.0
BCI IV-2a,6,augmentation,Augmentation,ECE,0.1328965753895528,0.1328965753895528,0.0
BCI IV-2a,7,augmentation,Augmentation,ECE,0.1224114974977541,0.107278591654878,-0.01513290584287609
BCI IV-2a,8,augmentation,Augmentation,ECE,0.0575844901485496,0.0575844901485496,0.0
BCI IV-2a,9,augmentation,Augmentation,ECE,0.0818248603427216,0.061166427625463,-0.020658432717258597
BCI IV-2a,1,augmentation,Augmentation,NLL,0.4919925734201141,0.4960315583985417,0.004038984978427584
BCI IV-2a,2,augmentation,Augmentation,NLL,1.1320919104385088,1.1472177126802685,0.015125802241759745
BCI IV-2a,3,augmentation,Augmentation,NLL,0.2057017935856469,0.2057017935856469,0.0
BCI IV-2a,4,augmentation,Augmentation,NLL,0.7183599786637865,0.6830799244537441,-0.03528005421004243
BCI IV-2a,5,augmentation,Augmentation,NLL,1.0597107518295703,1.0597107518295703,0.0
BCI IV-2a,6,augmentation,Augmentation,NLL,1.1443077900814724,1.1443077900814724,0.0
BCI IV-2a,7,augmentation,Augmentation,NLL,0.7175349849904666,0.6464395619100166,-0.07109542308045003
BCI IV-2a,8,augmentation,Augmentation,NLL,0.5958342926754628,0.5958342926754628,0.0
BCI IV-2a,9,augmentation,Augmentation,NLL,0.5969126745237632,0.5185679059047669,-0.07834476861899631
BCI IV-2a,1,teacher_student_mixture,Teacher/student,Brier,0.2762477643368736,0.2442053926699256,-0.03204237166694798
BCI IV-2a,2,teacher_student_mixture,Teacher/student,Brier,0.6070387511967608,0.6091261686454659,0.002087417448705109
BCI IV-2a,3,teacher_student_mixture,Teacher/student,Brier,0.1163676299644283,0.1324323492712538,0.0160647193068255
BCI IV-2a,4,teacher_student_mixture,Teacher/student,Brier,0.4027517566367692,0.4027517566367692,0.0
BCI IV-2a,5,teacher_student_mixture,Teacher/student,Brier,0.573748379586127,0.5721773125576596,-0.0015710670284674322
BCI IV-2a,6,teacher_student_mixture,Teacher/student,Brier,0.6242246081218943,0.6189625585740739,-0.005262049547820391
BCI IV-2a,7,teacher_student_mixture,Teacher/student,Brier,0.4144500327575612,0.3382154094115219,-0.07623462334603931
BCI IV-2a,8,teacher_student_mixture,Teacher/student,Brier,0.2954858432919847,0.327596689712511,0.03211084642052631
BCI IV-2a,9,teacher_student_mixture,Teacher/student,Brier,0.332176542119649,0.3367590824568178,0.004582540337168817
BCI IV-2a,1,teacher_student_mixture,Teacher/student,accuracy,0.8020833333333334,0.8472222222222222,0.04513888888888884
BCI IV-2a,2,teacher_student_mixture,Teacher/student,accuracy,0.5208333333333334,0.5555555555555556,0.03472222222222221
BCI IV-2a,3,teacher_student_mixture,Teacher/student,accuracy,0.9201388888888888,0.9305555555555556,0.01041666666666674
BCI IV-2a,4,teacher_student_mixture,Teacher/student,accuracy,0.6840277777777778,0.6840277777777778,0.0
BCI IV-2a,5,teacher_student_mixture,Teacher/student,accuracy,0.5555555555555556,0.5555555555555556,0.0
BCI IV-2a,6,teacher_student_mixture,Teacher/student,accuracy,0.4861111111111111,0.4861111111111111,0.0
BCI IV-2a,7,teacher_student_mixture,Teacher/student,accuracy,0.71875,0.7465277777777778,0.02777777777777779
BCI IV-2a,8,teacher_student_mixture,Teacher/student,accuracy,0.8090277777777778,0.8020833333333334,-0.00694444444444442
BCI IV-2a,9,teacher_student_mixture,Teacher/student,accuracy,0.7689393939393939,0.7689393939393939,0.0
BCI IV-2a,1,teacher_student_mixture,Teacher/student,ECE,0.0517902093919036,0.0514603798116557,-0.0003298295802478951
BCI IV-2a,2,teacher_student_mixture,Teacher/student,ECE,0.0815611585910874,0.168027781658091,0.08646662306700362
BCI IV-2a,3,teacher_student_mixture,Teacher/student,ECE,0.0386793369228498,0.1178187425479235,0.07913940562507371
BCI IV-2a,4,teacher_student_mixture,Teacher/student,ECE,0.0850228790366982,0.0850228790366982,0.0
BCI IV-2a,5,teacher_student_mixture,Teacher/student,ECE,0.0754264029178357,0.0717304826495189,-0.0036959202683168046
BCI IV-2a,6,teacher_student_mixture,Teacher/student,ECE,0.1328965753895528,0.1201438500088265,-0.01275272538072629
BCI IV-2a,7,teacher_student_mixture,Teacher/student,ECE,0.1224114974977541,0.0595181442499472,-0.0628933532478069
BCI IV-2a,8,teacher_student_mixture,Teacher/student,ECE,0.0575844901485496,0.0969789637504743,0.0393944736019247
BCI IV-2a,9,teacher_student_mixture,Teacher/student,ECE,0.0818248603427216,0.0884495166287913,0.006624656286069702
BCI IV-2a,1,teacher_student_mixture,Teacher/student,NLL,0.4919925734201141,0.4390215825544652,-0.05297099086564888
BCI IV-2a,2,teacher_student_mixture,Teacher/student,NLL,1.1320919104385088,1.1271393948723094,-0.004952515566199356
BCI IV-2a,3,teacher_student_mixture,Teacher/student,NLL,0.2057017935856469,0.2869038677305446,0.08120207414489769
BCI IV-2a,4,teacher_student_mixture,Teacher/student,NLL,0.7183599786637865,0.7183599786637865,0.0
BCI IV-2a,5,teacher_student_mixture,Teacher/student,NLL,1.0597107518295703,1.057724543081502,-0.001986208748068208
BCI IV-2a,6,teacher_student_mixture,Teacher/student,NLL,1.1443077900814724,1.1310023332918426,-0.0133054567896298
BCI IV-2a,7,teacher_student_mixture,Teacher/student,NLL,0.7175349849904666,0.5638464121200987,-0.15368857287036797
BCI IV-2a,8,teacher_student_mixture,Teacher/student,NLL,0.5958342926754628,0.6400343444278378,0.04420005175237496
BCI IV-2a,9,teacher_student_mixture,Teacher/student,NLL,0.5969126745237632,0.6218708314045568,0.024958156880793614
BCI IIIa,k3b,seed_ensemble,Seed ensemble,Brier,0.2429618262151219,0.2320124665102226,-0.010949359704899325
BCI IIIa,k6b,seed_ensemble,Seed ensemble,Brier,0.4568025412333761,0.4408743461775132,-0.015928195055862904
BCI IIIa,l1b,seed_ensemble,Seed ensemble,Brier,0.4650966403213356,0.3843264849767187,-0.0807701553446169
BCI IIIa,k3b,seed_ensemble,Seed ensemble,accuracy,0.8412698412698413,0.8412698412698413,0.0
BCI IIIa,k6b,seed_ensemble,Seed ensemble,accuracy,0.7142857142857143,0.7142857142857143,0.0
BCI IIIa,l1b,seed_ensemble,Seed ensemble,accuracy,0.6428571428571429,0.7142857142857143,0.0714285714285714
BCI IIIa,k3b,seed_ensemble,Seed ensemble,ECE,0.0947159161553318,0.1209641157984171,0.026248199643085293
BCI IIIa,k6b,seed_ensemble,Seed ensemble,ECE,0.2084006402897365,0.2474370726323999,0.03903643234266338
BCI IIIa,l1b,seed_ensemble,Seed ensemble,ECE,0.2163731789187419,0.2251998703861253,0.008826691467383407
BCI IIIa,k3b,seed_ensemble,Seed ensemble,NLL,0.4205906574188071,0.4384110332248543,0.01782037580604723
BCI IIIa,k6b,seed_ensemble,Seed ensemble,NLL,0.8211236639631736,0.8045116663668276,-0.016611997596346018
BCI IIIa,l1b,seed_ensemble,Seed ensemble,NLL,0.8829740094460816,0.7186645270847775,-0.16430948236130416
BCI IIIa,k3b,augmentation,Augmentation,Brier,0.2429618262151219,0.2316957011988648,-0.011266125016257122
BCI IIIa,k6b,augmentation,Augmentation,Brier,0.4568025412333761,0.4033880420569031,-0.05341449917647301
BCI IIIa,l1b,augmentation,Augmentation,Brier,0.4650966403213356,0.4286843433830379,-0.03641229693829767
BCI IIIa,k3b,augmentation,Augmentation,accuracy,0.8412698412698413,0.873015873015873,0.031746031746031744
BCI IIIa,k6b,augmentation,Augmentation,accuracy,0.7142857142857143,0.6904761904761905,-0.023809523809523836
BCI IIIa,l1b,augmentation,Augmentation,accuracy,0.6428571428571429,0.7142857142857143,0.0714285714285714
BCI IIIa,k3b,augmentation,Augmentation,ECE,0.0947159161553318,0.10038179639471,0.005665880239378196
BCI IIIa,k6b,augmentation,Augmentation,ECE,0.2084006402897365,0.1305561180322547,-0.07784452225748181
BCI IIIa,l1b,augmentation,Augmentation,ECE,0.2163731789187419,0.3006866646800719,0.08431348576132999
BCI IIIa,k3b,augmentation,Augmentation,NLL,0.4205906574188071,0.9136895220969204,0.49309886467811337
BCI IIIa,k6b,augmentation,Augmentation,NLL,0.8211236639631736,0.7325451405928253,-0.08857852337034833
BCI IIIa,l1b,augmentation,Augmentation,NLL,0.8829740094460816,0.8022229624716581,-0.08075104697442348
BCI IIIa,k3b,teacher_student_mixture,Teacher/student,Brier,0.2429618262151219,0.233369361166267,-0.009592465048854915
BCI IIIa,k6b,teacher_student_mixture,Teacher/student,Brier,0.4568025412333761,0.4050837022619317,-0.051718838971444414
BCI IIIa,l1b,teacher_student_mixture,Teacher/student,Brier,0.4650966403213356,0.4197397206551462,-0.04535691966618938
BCI IIIa,k3b,teacher_student_mixture,Teacher/student,accuracy,0.8412698412698413,0.8412698412698413,0.0
BCI IIIa,k6b,teacher_student_mixture,Teacher/student,accuracy,0.7142857142857143,0.7142857142857143,0.0
BCI IIIa,l1b,teacher_student_mixture,Teacher/student,accuracy,0.6428571428571429,0.7380952380952381,0.09523809523809523
BCI IIIa,k3b,teacher_student_mixture,Teacher/student,ECE,0.0947159161553318,0.0938848474590395,-0.0008310686962923058
BCI IIIa,k6b,teacher_student_mixture,Teacher/student,ECE,0.2084006402897365,0.2591112628004628,0.050710622510726305
BCI IIIa,l1b,teacher_student_mixture,Teacher/student,ECE,0.2163731789187419,0.2059409464155813,-0.010432232503160582
BCI IIIa,k3b,teacher_student_mixture,Teacher/student,NLL,0.4205906574188071,0.3930382345547751,-0.027552422864031978
BCI IIIa,k6b,teacher_student_mixture,Teacher/student,NLL,0.8211236639631736,0.7516459742073645,-0.06947768975580915
BCI IIIa,l1b,teacher_student_mixture,Teacher/student,NLL,0.8829740094460816,0.7593496495189463,-0.12362435992713527
BNCI2014_001,1,seed_ensemble,Seed ensemble,Brier,0.2691424310974397,0.2582311544230593,-0.01091127667438041
BNCI2014_001,2,seed_ensemble,Seed ensemble,Brier,0.7021799019901737,0.7015706039724898,-0.0006092980176838347
BNCI2014_001,3,seed_ensemble,Seed ensemble,Brier,0.1948154950753231,0.2399224152591025,0.0451069201837794
BNCI2014_001,4,seed_ensemble,Seed ensemble,Brier,0.448055951942155,0.4330014029756274,-0.015054548966527581
BNCI2014_001,5,seed_ensemble,Seed ensemble,Brier,0.6967971917129899,0.6844119542160693,-0.012385237496920665
BNCI2014_001,6,seed_ensemble,Seed ensemble,Brier,0.6191650645014087,0.578352182054894,-0.04081288244651471
BNCI2014_001,7,seed_ensemble,Seed ensemble,Brier,0.2887059934926252,0.3393878875691272,0.05068189407650198
BNCI2014_001,8,seed_ensemble,Seed ensemble,Brier,0.2604988545533775,0.2613652017787257,0.0008663472253481741
BNCI2014_001,9,seed_ensemble,Seed ensemble,Brier,0.3059176781853959,0.2938134268827215,-0.012104251302674396
BNCI2014_001,1,seed_ensemble,Seed ensemble,accuracy,0.8055555555555556,0.8125,0.00694444444444442
BNCI2014_001,2,seed_ensemble,Seed ensemble,accuracy,0.4756944444444444,0.46875,-0.00694444444444442
BNCI2014_001,3,seed_ensemble,Seed ensemble,accuracy,0.8645833333333334,0.8298611111111112,-0.03472222222222221
BNCI2014_001,4,seed_ensemble,Seed ensemble,accuracy,0.6736111111111112,0.6875,0.01388888888888884
BNCI2014_001,5,seed_ensemble,Seed ensemble,accuracy,0.3819444444444444,0.3784722222222222,-0.00347222222222221
BNCI2014_001,6,seed_ensemble,Seed ensemble,accuracy,0.5,0.5381944444444444,0.03819444444444442
BNCI2014_001,7,seed_ensemble,Seed ensemble,accuracy,0.8055555555555556,0.7465277777777778,-0.05902777777777779
BNCI2014_001,8,seed_ensemble,Seed ensemble,accuracy,0.8229166666666666,0.8194444444444444,-0.00347222222222221
BNCI2014_001,9,seed_ensemble,Seed ensemble,accuracy,0.8159722222222222,0.7951388888888888,-0.02083333333333337
BNCI2014_001,1,seed_ensemble,Seed ensemble,ECE,0.0652607710843051,0.0680830001048939,0.002822229020588804
BNCI2014_001,2,seed_ensemble,Seed ensemble,ECE,0.1839904390450046,0.1955039713759185,0.0115135323309139
BNCI2014_001,3,seed_ensemble,Seed ensemble,ECE,0.0715493142164599,0.0767486598158437,0.005199345599383801
BNCI2014_001,4,seed_ensemble,Seed ensemble,ECE,0.080038781405371,0.0746980788214669,-0.005340702583904108
BNCI2014_001,5,seed_ensemble,Seed ensemble,ECE,0.0868435252505211,0.0720430302865081,-0.014800494964012992
BNCI2014_001,6,seed_ensemble,Seed ensemble,ECE,0.0937385688403907,0.0872104357132872,-0.0065281331271035
BNCI2014_001,7,seed_ensemble,Seed ensemble,ECE,0.0914203031935196,0.0859967069041992,-0.005423596289320404
BNCI2014_001,8,seed_ensemble,Seed ensemble,ECE,0.092193472661842,0.1065028823878612,0.014309409726019198
BNCI2014_001,9,seed_ensemble,Seed ensemble,ECE,0.1440362824569283,0.1098502523564619,-0.03418603010046639
BNCI2014_001,1,seed_ensemble,Seed ensemble,NLL,0.4897892994929562,0.4628184929788042,-0.026970806514152013
BNCI2014_001,2,seed_ensemble,Seed ensemble,NLL,1.435960180040859,1.4395711678150107,0.003610987774151697
BNCI2014_001,3,seed_ensemble,Seed ensemble,NLL,0.3495514024075278,0.4189459793607991,0.06939457695327128
BNCI2014_001,4,seed_ensemble,Seed ensemble,NLL,0.8095640151179806,0.7820859476019173,-0.027478067516063298
BNCI2014_001,5,seed_ensemble,Seed ensemble,NLL,1.276354302334385,1.2551107493300586,-0.021243553004326454
BNCI2014_001,6,seed_ensemble,Seed ensemble,NLL,1.138544201672521,1.065626695711588,-0.07291750596093283
BNCI2014_001,7,seed_ensemble,Seed ensemble,NLL,0.4898047402104328,0.5749892688530243,0.08518452864259146
BNCI2014_001,8,seed_ensemble,Seed ensemble,NLL,0.4950543717383571,0.5003895521524616,0.005335180414104523
BNCI2014_001,9,seed_ensemble,Seed ensemble,NLL,0.5644810225988702,0.5350627459334801,-0.029418276665390097
BNCI2014_001,1,augmentation,Augmentation,Brier,0.2691424310974397,0.3001589622718535,0.03101653117441383
BNCI2014_001,2,augmentation,Augmentation,Brier,0.7021799019901737,0.7229830940289664,0.020803192038792773
BNCI2014_001,3,augmentation,Augmentation,Brier,0.1948154950753231,0.2307368660102266,0.035921370934903524
BNCI2014_001,4,augmentation,Augmentation,Brier,0.448055951942155,0.448055951942155,0.0
BNCI2014_001,5,augmentation,Augmentation,Brier,0.6967971917129899,0.6786258272099587,-0.01817136450303125
BNCI2014_001,6,augmentation,Augmentation,Brier,0.6191650645014087,0.6037697221409364,-0.015395342360472353
BNCI2014_001,7,augmentation,Augmentation,Brier,0.2887059934926252,0.2887059934926252,0.0
BNCI2014_001,8,augmentation,Augmentation,Brier,0.2604988545533775,0.2482814043955397,-0.012217450157837817
BNCI2014_001,9,augmentation,Augmentation,Brier,0.3059176781853959,0.3270803667766196,0.02116268859122372
BNCI2014_001,1,augmentation,Augmentation,accuracy,0.8055555555555556,0.7708333333333334,-0.03472222222222221
BNCI2014_001,2,augmentation,Augmentation,accuracy,0.4756944444444444,0.46875,-0.00694444444444442
BNCI2014_001,3,augmentation,Augmentation,accuracy,0.8645833333333334,0.8263888888888888,-0.03819444444444453
BNCI2014_001,4,augmentation,Augmentation,accuracy,0.6736111111111112,0.6736111111111112,0.0
BNCI2014_001,5,augmentation,Augmentation,accuracy,0.3819444444444444,0.4201388888888889,0.038194444444444475
BNCI2014_001,6,augmentation,Augmentation,accuracy,0.5,0.5277777777777778,0.02777777777777779
BNCI2014_001,7,augmentation,Augmentation,accuracy,0.8055555555555556,0.8055555555555556,0.0
BNCI2014_001,8,augmentation,Augmentation,accuracy,0.8229166666666666,0.8263888888888888,0.00347222222222221
BNCI2014_001,9,augmentation,Augmentation,accuracy,0.8159722222222222,0.7881944444444444,-0.02777777777777779
BNCI2014_001,1,augmentation,Augmentation,ECE,0.0652607710843051,0.0776318749732234,0.012371103888918294
BNCI2014_001,2,augmentation,Augmentation,ECE,0.1839904390450046,0.2249994872370071,0.04100904819200252
BNCI2014_001,3,augmentation,Augmentation,ECE,0.0715493142164599,0.0587534172607952,-0.012795896955664694
BNCI2014_001,4,augmentation,Augmentation,ECE,0.080038781405371,0.080038781405371,0.0
BNCI2014_001,5,augmentation,Augmentation,ECE,0.0868435252505211,0.0767927598803967,-0.010050765370124393
BNCI2014_001,6,augmentation,Augmentation,ECE,0.0937385688403907,0.1088773799015294,0.015138811061138707
BNCI2014_001,7,augmentation,Augmentation,ECE,0.0914203031935196,0.0914203031935196,0.0
BNCI2014_001,8,augmentation,Augmentation,ECE,0.092193472661842,0.0805814171787436,-0.01161205548309839
BNCI2014_001,9,augmentation,Augmentation,ECE,0.1440362824569283,0.1275804408371357,-0.016455841619792577
BNCI2014_001,1,augmentation,Augmentation,NLL,0.4897892994929562,0.5456028431770485,0.05581354368409236
BNCI2014_001,2,augmentation,Augmentation,NLL,1.435960180040859,1.5563424648145852,0.12038228477372614
BNCI2014_001,3,augmentation,Augmentation,NLL,0.3495514024075278,0.4045667497852948,0.05501534737776698
BNCI2014_001,4,augmentation,Augmentation,NLL,0.8095640151179806,0.8095640151179806,0.0
BNCI2014_001,5,augmentation,Augmentation,NLL,1.276354302334385,1.2445771702415018,-0.03177713209288324
BNCI2014_001,6,augmentation,Augmentation,NLL,1.138544201672521,1.116514564495182,-0.022029637177338968
BNCI2014_001,7,augmentation,Augmentation,NLL,0.4898047402104328,0.4898047402104328,0.0
BNCI2014_001,8,augmentation,Augmentation,NLL,0.4950543717383571,0.4800085514871677,-0.01504582025118939
BNCI2014_001,9,augmentation,Augmentation,NLL,0.5644810225988702,0.586254192804044,0.021773170205173775
BNCI2014_001,1,teacher_student_mixture,Teacher/student,Brier,0.2691424310974397,0.2452899706012873,-0.02385246049615239
BNCI2014_001,2,teacher_student_mixture,Teacher/student,Brier,0.7021799019901737,0.5997133819284657,-0.10246652006170798
BNCI2014_001,3,teacher_student_mixture,Teacher/student,Brier,0.1948154950753231,0.2066741943446036,0.011858699269280515
BNCI2014_001,4,teacher_student_mixture,Teacher/student,Brier,0.448055951942155,0.4431934876892827,-0.0048624642528722894
BNCI2014_001,5,teacher_student_mixture,Teacher/student,Brier,0.6967971917129899,0.6969446767849908,0.000147485072000908
BNCI2014_001,6,teacher_student_mixture,Teacher/student,Brier,0.6191650645014087,0.6245625025792181,0.005397438077809347
BNCI2014_001,7,teacher_student_mixture,Teacher/student,Brier,0.2887059934926252,0.4169180275411544,0.1282120340485292
BNCI2014_001,8,teacher_student_mixture,Teacher/student,Brier,0.2604988545533775,0.2916043246420517,0.031105470088674203
BNCI2014_001,9,teacher_student_mixture,Teacher/student,Brier,0.3059176781853959,0.3202941219259318,0.014376443740535927
BNCI2014_001,1,teacher_student_mixture,Teacher/student,accuracy,0.8055555555555556,0.8298611111111112,0.02430555555555558
BNCI2014_001,2,teacher_student_mixture,Teacher/student,accuracy,0.4756944444444444,0.4895833333333333,0.013888888888888895
BNCI2014_001,3,teacher_student_mixture,Teacher/student,accuracy,0.8645833333333334,0.8402777777777778,-0.02430555555555558
BNCI2014_001,4,teacher_student_mixture,Teacher/student,accuracy,0.6736111111111112,0.6701388888888888,-0.003472222222222321
BNCI2014_001,5,teacher_student_mixture,Teacher/student,accuracy,0.3819444444444444,0.4201388888888889,0.038194444444444475
BNCI2014_001,6,teacher_student_mixture,Teacher/student,accuracy,0.5,0.5104166666666666,0.01041666666666663
BNCI2014_001,7,teacher_student_mixture,Teacher/student,accuracy,0.8055555555555556,0.6423611111111112,-0.16319444444444442
BNCI2014_001,8,teacher_student_mixture,Teacher/student,accuracy,0.8229166666666666,0.7986111111111112,-0.02430555555555547
BNCI2014_001,9,teacher_student_mixture,Teacher/student,accuracy,0.8159722222222222,0.8298611111111112,0.01388888888888895
BNCI2014_001,1,teacher_student_mixture,Teacher/student,ECE,0.0652607710843051,0.0820605889414675,0.016799817857162405
BNCI2014_001,2,teacher_student_mixture,Teacher/student,ECE,0.1839904390450046,0.0919968453748149,-0.0919935936701897
BNCI2014_001,3,teacher_student_mixture,Teacher/student,ECE,0.0715493142164599,0.0465661723037969,-0.024983141912662994
BNCI2014_001,4,teacher_student_mixture,Teacher/student,ECE,0.080038781405371,0.0807300810906569,0.0006912996852858899
BNCI2014_001,5,teacher_student_mixture,Teacher/student,ECE,0.0868435252505211,0.1000674801671848,0.0132239549166637
BNCI2014_001,6,teacher_student_mixture,Teacher/student,ECE,0.0937385688403907,0.1292006880847883,0.0354621192443976
BNCI2014_001,7,teacher_student_mixture,Teacher/student,ECE,0.0914203031935196,0.0812719198966137,-0.0101483832969059
BNCI2014_001,8,teacher_student_mixture,Teacher/student,ECE,0.092193472661842,0.0782859209254777,-0.013907551736364293
BNCI2014_001,9,teacher_student_mixture,Teacher/student,ECE,0.1440362824569283,0.2190610777213358,0.0750247952644075
BNCI2014_001,1,teacher_student_mixture,Teacher/student,NLL,0.4897892994929562,0.4141083206586562,-0.07568097883429997
BNCI2014_001,2,teacher_student_mixture,Teacher/student,NLL,1.435960180040859,1.0724331582582314,-0.36352702178262764
BNCI2014_001,3,teacher_student_mixture,Teacher/student,NLL,0.3495514024075278,0.3560423959187109,0.006490993511183096
BNCI2014_001,4,teacher_student_mixture,Teacher/student,NLL,0.8095640151179806,0.7940727855482113,-0.015491229569769338
BNCI2014_001,5,teacher_student_mixture,Teacher/student,NLL,1.276354302334385,1.2791948024516788,0.002840500117293754
BNCI2014_001,6,teacher_student_mixture,Teacher/student,NLL,1.138544201672521,1.1489154580988348,0.010371256426313868
BNCI2014_001,7,teacher_student_mixture,Teacher/student,NLL,0.4898047402104328,0.6846021895432196,0.1947974493327868
BNCI2014_001,8,teacher_student_mixture,Teacher/student,NLL,0.4950543717383571,0.5354868526541676,0.04043248091581053
BNCI2014_001,9,teacher_student_mixture,Teacher/student,NLL,0.5644810225988702,0.6123096327420282,0.04782861014315798
BNCI2014_004,1,seed_ensemble,Seed ensemble,Brier,0.4405528074480704,0.415516407763303,-0.025036399684767396
BNCI2014_004,2,seed_ensemble,Seed ensemble,Brier,0.4839666603419411,0.4848598906048749,0.0008932302629338085
BNCI2014_004,3,seed_ensemble,Seed ensemble,Brier,0.4999607999456595,0.4995671230297464,-0.0003936769159131326
BNCI2014_004,4,seed_ensemble,Seed ensemble,Brier,0.0548598407778559,0.0545870983764315,-0.0002727424014244001
BNCI2014_004,5,seed_ensemble,Seed ensemble,Brier,0.1436792390607257,0.1958016739746454,0.05212243491391971
BNCI2014_004,6,seed_ensemble,Seed ensemble,Brier,0.258719497759862,0.2435343099634536,-0.015185187796408428
BNCI2014_004,7,seed_ensemble,Seed ensemble,Brier,0.3045804933847743,0.3018613519238667,-0.0027191414609075704
BNCI2014_004,8,seed_ensemble,Seed ensemble,Brier,0.1432685235793181,0.1560667462377187,0.01279822265840061
BNCI2014_004,9,seed_ensemble,Seed ensemble,Brier,0.1666396788543235,0.155383316958224,-0.011256361896099493
BNCI2014_004,1,seed_ensemble,Seed ensemble,accuracy,0.703125,0.721875,0.018750000000000044
BNCI2014_004,2,seed_ensemble,Seed ensemble,accuracy,0.5857142857142857,0.5821428571428572,-0.0035714285714285587
BNCI2014_004,3,seed_ensemble,Seed ensemble,accuracy,0.534375,0.5375,0.0031249999999999334
BNCI2014_004,4,seed_ensemble,Seed ensemble,accuracy,0.96875,0.96875,0.0
BNCI2014_004,5,seed_ensemble,Seed ensemble,accuracy,0.90625,0.871875,-0.034375000000000044
BNCI2014_004,6,seed_ensemble,Seed ensemble,accuracy,0.821875,0.825,0.0031249999999999334
BNCI2014_004,7,seed_ensemble,Seed ensemble,accuracy,0.76875,0.7875,0.018749999999999933
BNCI2014_004,8,seed_ensemble,Seed ensemble,accuracy,0.890625,0.8875,-0.0031250000000000444
BNCI2014_004,9,seed_ensemble,Seed ensemble,accuracy,0.9,0.896875,-0.0031250000000000444
BNCI2014_004,1,seed_ensemble,Seed ensemble,ECE,0.1588974053742967,0.1305323102531572,-0.028365095121139494
BNCI2014_004,2,seed_ensemble,Seed ensemble,ECE,0.0943793664109938,0.1136564480750169,0.019277081664023102
BNCI2014_004,3,seed_ensemble,Seed ensemble,ECE,0.0840993916071433,0.0714835953961313,-0.012615796211011998
BNCI2014_004,4,seed_ensemble,Seed ensemble,ECE,0.0207896919964182,0.0158926089590805,-0.004897083037337699
BNCI2014_004,5,seed_ensemble,Seed ensemble,ECE,0.0312150336518278,0.0684742782168625,0.037259244565034697
BNCI2014_004,6,seed_ensemble,Seed ensemble,ECE,0.0596839024450759,0.0437168592252519,-0.015967043219824
BNCI2014_004,7,seed_ensemble,Seed ensemble,ECE,0.0597584762207843,0.0412625776563936,-0.018495898564390698
BNCI2014_004,8,seed_ensemble,Seed ensemble,ECE,0.0417456845412076,0.0326618951680484,-0.0090837893731592
BNCI2014_004,9,seed_ensemble,Seed ensemble,ECE,0.051801737534969,0.0410165622736879,-0.010785175261281102
BNCI2014_004,1,seed_ensemble,Seed ensemble,NLL,0.7300114821182986,0.6952109527193107,-0.03480052939898792
BNCI2014_004,2,seed_ensemble,Seed ensemble,NLL,0.6772952345721787,0.678317391339915,0.0010221567677363153
BNCI2014_004,3,seed_ensemble,Seed ensemble,NLL,0.6931079841022718,0.6927142898543195,-0.0003936942479523253
BNCI2014_004,4,seed_ensemble,Seed ensemble,NLL,0.0990684162447893,0.0946791366233789,-0.004389279621410405
BNCI2014_004,5,seed_ensemble,Seed ensemble,NLL,0.2513728438354918,0.3339078427946475,0.08253499895915573
BNCI2014_004,6,seed_ensemble,Seed ensemble,NLL,0.4015681095960908,0.3792926319952172,-0.022275477600873617
BNCI2014_004,7,seed_ensemble,Seed ensemble,NLL,0.4666609789723986,0.4653425672807358,-0.001318411691662802
BNCI2014_004,8,seed_ensemble,Seed ensemble,NLL,0.2363508122776131,0.2532728713380042,0.016922059060391098
BNCI2014_004,9,seed_ensemble,Seed ensemble,NLL,0.2715649805998929,0.2559489447114663,-0.015616035888426638
BNCI2014_004,1,augmentation,Augmentation,Brier,0.4405528074480704,0.4405528074480704,0.0
BNCI2014_004,2,augmentation,Augmentation,Brier,0.4839666603419411,0.4871780547141099,0.00321139437216883
BNCI2014_004,3,augmentation,Augmentation,Brier,0.4999607999456595,0.4999607999456595,0.0
BNCI2014_004,4,augmentation,Augmentation,Brier,0.0548598407778559,0.0546282140246453,-0.00023162675321059673
BNCI2014_004,5,augmentation,Augmentation,Brier,0.1436792390607257,0.2173090267127623,0.07362978765203662
BNCI2014_004,6,augmentation,Augmentation,Brier,0.258719497759862,0.2186941639895748,-0.04002533377028722
BNCI2014_004,7,augmentation,Augmentation,Brier,0.3045804933847743,0.3045804933847743,0.0
BNCI2014_004,8,augmentation,Augmentation,Brier,0.1432685235793181,0.1432685235793181,0.0
BNCI2014_004,9,augmentation,Augmentation,Brier,0.1666396788543235,0.1666396788543235,0.0
BNCI2014_004,1,augmentation,Augmentation,accuracy,0.703125,0.703125,0.0
BNCI2014_004,2,augmentation,Augmentation,accuracy,0.5857142857142857,0.5678571428571428,-0.017857142857142905
BNCI2014_004,3,augmentation,Augmentation,accuracy,0.534375,0.534375,0.0
BNCI2014_004,4,augmentation,Augmentation,accuracy,0.96875,0.9625,-0.006249999999999978
BNCI2014_004,5,augmentation,Augmentation,accuracy,0.90625,0.853125,-0.05312499999999998
BNCI2014_004,6,augmentation,Augmentation,accuracy,0.821875,0.859375,0.03749999999999998
BNCI2014_004,7,augmentation,Augmentation,accuracy,0.76875,0.76875,0.0
BNCI2014_004,8,augmentation,Augmentation,accuracy,0.890625,0.890625,0.0
BNCI2014_004,9,augmentation,Augmentation,accuracy,0.9,0.9,0.0
BNCI2014_004,1,augmentation,Augmentation,ECE,0.1588974053742967,0.1588974053742967,0.0
BNCI2014_004,2,augmentation,Augmentation,ECE,0.0943793664109938,0.1065159605346737,0.0121365941236799
BNCI2014_004,3,augmentation,Augmentation,ECE,0.0840993916071433,0.0840993916071433,0.0
BNCI2014_004,4,augmentation,Augmentation,ECE,0.0207896919964182,0.0149408084574628,-0.0058488835389554
BNCI2014_004,5,augmentation,Augmentation,ECE,0.0312150336518278,0.0647855866965161,0.0335705530446883
BNCI2014_004,6,augmentation,Augmentation,ECE,0.0596839024450759,0.0556732994880889,-0.004010602956986999
BNCI2014_004,7,augmentation,Augmentation,ECE,0.0597584762207843,0.0597584762207843,0.0
BNCI2014_004,8,augmentation,Augmentation,ECE,0.0417456845412076,0.0417456845412076,0.0
BNCI2014_004,9,augmentation,Augmentation,ECE,0.051801737534969,0.051801737534969,0.0
BNCI2014_004,1,augmentation,Augmentation,NLL,0.7300114821182986,0.7300114821182986,0.0
BNCI2014_004,2,augmentation,Augmentation,NLL,0.6772952345721787,0.6805528188323885,0.0032575842602098337
BNCI2014_004,3,augmentation,Augmentation,NLL,0.6931079841022718,0.6931079841022718,0.0
BNCI2014_004,4,augmentation,Augmentation,NLL,0.0990684162447893,0.1062071013769571,0.007138685132167796
BNCI2014_004,5,augmentation,Augmentation,NLL,0.2513728438354918,0.3802420864122338,0.12886924257674198
BNCI2014_004,6,augmentation,Augmentation,NLL,0.4015681095960908,0.3494408600899391,-0.05212724950615172
BNCI2014_004,7,augmentation,Augmentation,NLL,0.4666609789723986,0.4666609789723986,0.0
BNCI2014_004,8,augmentation,Augmentation,NLL,0.2363508122776131,0.2363508122776131,0.0
BNCI2014_004,9,augmentation,Augmentation,NLL,0.2715649805998929,0.2715649805998929,0.0
BNCI2014_004,1,teacher_student_mixture,Teacher/student,Brier,0.4405528074480704,0.4041076879459899,-0.036445119502080514
BNCI2014_004,2,teacher_student_mixture,Teacher/student,Brier,0.4839666603419411,0.4839666603419411,0.0
BNCI2014_004,3,teacher_student_mixture,Teacher/student,Brier,0.4999607999456595,0.4979475147058587,-0.0020132852398008216
BNCI2014_004,4,teacher_student_mixture,Teacher/student,Brier,0.0548598407778559,0.0605604121022637,0.005700571324407801
BNCI2014_004,5,teacher_student_mixture,Teacher/student,Brier,0.1436792390607257,0.1451056192543948,0.0014263801936691134
BNCI2014_004,6,teacher_student_mixture,Teacher/student,Brier,0.258719497759862,0.258719497759862,0.0
BNCI2014_004,7,teacher_student_mixture,Teacher/student,Brier,0.3045804933847743,0.3045804933847743,0.0
BNCI2014_004,8,teacher_student_mixture,Teacher/student,Brier,0.1432685235793181,0.1432685235793181,0.0
BNCI2014_004,9,teacher_student_mixture,Teacher/student,Brier,0.1666396788543235,0.1666396788543235,0.0
BNCI2014_004,1,teacher_student_mixture,Teacher/student,accuracy,0.703125,0.7125,0.009375000000000022
BNCI2014_004,2,teacher_student_mixture,Teacher/student,accuracy,0.5857142857142857,0.5857142857142857,0.0
BNCI2014_004,3,teacher_student_mixture,Teacher/student,accuracy,0.534375,0.525,-0.009375000000000022
BNCI2014_004,4,teacher_student_mixture,Teacher/student,accuracy,0.96875,0.95625,-0.012499999999999956
BNCI2014_004,5,teacher_student_mixture,Teacher/student,accuracy,0.90625,0.91875,0.012499999999999956
BNCI2014_004,6,teacher_student_mixture,Teacher/student,accuracy,0.821875,0.821875,0.0
BNCI2014_004,7,teacher_student_mixture,Teacher/student,accuracy,0.76875,0.76875,0.0
BNCI2014_004,8,teacher_student_mixture,Teacher/student,accuracy,0.890625,0.890625,0.0
BNCI2014_004,9,teacher_student_mixture,Teacher/student,accuracy,0.9,0.9,0.0
BNCI2014_004,1,teacher_student_mixture,Teacher/student,ECE,0.1588974053742967,0.111213050714761,-0.0476843546595357
BNCI2014_004,2,teacher_student_mixture,Teacher/student,ECE,0.0943793664109938,0.0943793664109938,0.0
BNCI2014_004,3,teacher_student_mixture,Teacher/student,ECE,0.0840993916071433,0.0673620475074044,-0.0167373440997389
BNCI2014_004,4,teacher_student_mixture,Teacher/student,ECE,0.0207896919964182,0.0109800997626481,-0.009809592233770101
BNCI2014_004,5,teacher_student_mixture,Teacher/student,ECE,0.0312150336518278,0.0637965590603681,0.0325815254085403
BNCI2014_004,6,teacher_student_mixture,Teacher/student,ECE,0.0596839024450759,0.0596839024450759,0.0
BNCI2014_004,7,teacher_student_mixture,Teacher/student,ECE,0.0597584762207843,0.0597584762207843,0.0
BNCI2014_004,8,teacher_student_mixture,Teacher/student,ECE,0.0417456845412076,0.0417456845412076,0.0
BNCI2014_004,9,teacher_student_mixture,Teacher/student,ECE,0.051801737534969,0.051801737534969,0.0
BNCI2014_004,1,teacher_student_mixture,Teacher/student,NLL,0.7300114821182986,0.6269103120458184,-0.10310117007248021
BNCI2014_004,2,teacher_student_mixture,Teacher/student,NLL,0.6772952345721787,0.6772952345721787,0.0
BNCI2014_004,3,teacher_student_mixture,Teacher/student,NLL,0.6931079841022718,0.691088525455428,-0.0020194586468438303
BNCI2014_004,4,teacher_student_mixture,Teacher/student,NLL,0.0990684162447893,0.1092081532394264,0.010139736994637091
BNCI2014_004,5,teacher_student_mixture,Teacher/student,NLL,0.2513728438354918,0.251704664157594,0.00033182032210221646
BNCI2014_004,6,teacher_student_mixture,Teacher/student,NLL,0.4015681095960908,0.4015681095960908,0.0
BNCI2014_004,7,teacher_student_mixture,Teacher/student,NLL,0.4666609789723986,0.4666609789723986,0.0
BNCI2014_004,8,teacher_student_mixture,Teacher/student,NLL,0.2363508122776131,0.2363508122776131,0.0
BNCI2014_004,9,teacher_student_mixture,Teacher/student,NLL,0.2715649805998929,0.2715649805998929,0.0
