dataset,subject,experiment_key,AUROC,accuracy
bci4_2a,1,cbramod_frozen_p2,0.6653645833333334,0.4131944444444444
bci4_2a,2,cbramod_frozen_p2,0.6139724794238683,0.3888888888888889
bci4_2a,3,cbramod_frozen_p2,0.679591049382716,0.4166666666666667
bci4_2a,4,cbramod_frozen_p2,0.6776459619341564,0.4270833333333333
bci4_2a,5,cbramod_frozen_p2,0.6838348765432098,0.4270833333333333
bci4_2a,6,cbramod_frozen_p2,0.48252636316872427,0.23958333333333334
bci4_2a,7,cbramod_frozen_p2,0.7649016203703703,0.4965277777777778
bci4_2a,8,cbramod_frozen_p2,0.6287454989711934,0.3645833333333333
bci4_2a,9,cbramod_frozen_p2,0.6517650462962963,0.3611111111111111
bci4_2a,1,cbramod_frozen_p4,0.5484664351851852,0.2604166666666667
bci4_2a,2,cbramod_frozen_p4,0.4976530349794239,0.2361111111111111
bci4_2a,3,cbramod_frozen_p4,0.5456211419753086,0.2708333333333333
bci4_2a,4,cbramod_frozen_p4,0.6471836419753086,0.3715277777777778
bci4_2a,5,cbramod_frozen_p4,0.6740933641975309,0.4131944444444444
bci4_2a,6,cbramod_frozen_p4,0.6447241512345679,0.3819444444444444
bci4_2a,7,cbramod_frozen_p4,0.751125257201646,0.4965277777777778
bci4_2a,8,cbramod_frozen_p4,0.6141975308641976,0.3541666666666667
bci4_2a,9,cbramod_frozen_p4,0.5735757458847737,0.3055555555555556
bci4_2a,1,cbramod_frozen_randinit_p2,0.5962577160493827,0.3333333333333333
bci4_2a,2,cbramod_frozen_randinit_p2,0.5208333333333333,0.2569444444444444
bci4_2a,3,cbramod_frozen_randinit_p2,0.5328414351851852,0.2638888888888889
bci4_2a,4,cbramod_frozen_randinit_p2,0.609985853909465,0.3298611111111111
bci4_2a,5,cbramod_frozen_randinit_p2,0.5731899434156378,0.3263888888888889
bci4_2a,6,cbramod_frozen_randinit_p2,0.544849537037037,0.2708333333333333
bci4_2a,7,cbramod_frozen_randinit_p2,0.6281989454732511,0.3680555555555556
bci4_2a,8,cbramod_frozen_randinit_p2,0.5555073302469136,0.2673611111111111
bci4_2a,9,cbramod_frozen_randinit_p2,0.5962255658436214,0.375
bci4_2a,1,cbramod_frozen_randinit_p4,0.5458944187242798,0.3020833333333333
bci4_2a,2,cbramod_frozen_randinit_p4,0.5288869598765432,0.24305555555555555
bci4_2a,3,cbramod_frozen_randinit_p4,0.5429848251028807,0.3055555555555556
bci4_2a,4,cbramod_frozen_randinit_p4,0.5293692129629629,0.2847222222222222
bci4_2a,5,cbramod_frozen_randinit_p4,0.5655060442386831,0.2638888888888889
bci4_2a,6,cbramod_frozen_randinit_p4,0.5194347993827161,0.2673611111111111
bci4_2a,7,cbramod_frozen_randinit_p4,0.6171553497942388,0.3784722222222222
bci4_2a,8,cbramod_frozen_randinit_p4,0.5586259002057614,0.3125
bci4_2a,9,cbramod_frozen_randinit_p4,0.5376961162551441,0.28125
bci4_2a,1,labram_frozen_p2,0.6265592849794238,0.3368055555555556
bci4_2a,2,labram_frozen_p2,0.5372781635802469,0.2708333333333333
bci4_2a,3,labram_frozen_p2,0.6279738940329218,0.3784722222222222
bci4_2a,4,labram_frozen_p2,0.5528870884773662,0.3020833333333333
bci4_2a,5,labram_frozen_p2,0.5503150720164609,0.3055555555555556
bci4_2a,6,labram_frozen_p2,0.5440136316872428,0.2951388888888889
bci4_2a,7,labram_frozen_p2,0.5678851594650205,0.3055555555555556
bci4_2a,8,labram_frozen_p2,0.6045685442386831,0.375
bci4_2a,9,labram_frozen_p2,0.6854906121399176,0.4201388888888889
bci4_2a,1,labram_frozen_p4,0.578928755144033,0.2986111111111111
bci4_2a,2,labram_frozen_p4,0.5524209104938271,0.2638888888888889
bci4_2a,3,labram_frozen_p4,0.6038451646090535,0.3298611111111111
bci4_2a,4,labram_frozen_p4,0.5750868055555556,0.3159722222222222
bci4_2a,5,labram_frozen_p4,0.5308320473251029,0.2638888888888889
bci4_2a,6,labram_frozen_p4,0.5009162808641976,0.2673611111111111
bci4_2a,7,labram_frozen_p4,0.5971900720164609,0.3576388888888889
bci4_2a,8,labram_frozen_p4,0.5754726080246914,0.2986111111111111
bci4_2a,9,labram_frozen_p4,0.6897344393004116,0.4548611111111111
bci4_2a,1,labram_frozen_randinit_p2,0.6382298096707819,0.3298611111111111
bci4_2a,2,labram_frozen_randinit_p2,0.5297550154320988,0.28125
bci4_2a,3,labram_frozen_randinit_p2,0.5620016718106996,0.3194444444444444
bci4_2a,4,labram_frozen_randinit_p2,0.589281121399177,0.2986111111111111
bci4_2a,5,labram_frozen_randinit_p2,0.5808738425925926,0.3298611111111111
bci4_2a,6,labram_frozen_randinit_p2,0.6029610339506173,0.3506944444444444
bci4_2a,7,labram_frozen_randinit_p2,0.5932195216049383,0.3194444444444444
bci4_2a,8,labram_frozen_randinit_p2,0.5648951903292181,0.28125
bci4_2a,9,labram_frozen_randinit_p2,0.5174254115226338,0.28125
bci4_2a,1,labram_frozen_randinit_p4,0.611545138888889,0.3506944444444444
bci4_2a,2,labram_frozen_randinit_p4,0.5329378858024691,0.3090277777777778
bci4_2a,3,labram_frozen_randinit_p4,0.5688014403292181,0.3368055555555556
bci4_2a,4,labram_frozen_randinit_p4,0.5938143004115227,0.3298611111111111
bci4_2a,5,labram_frozen_randinit_p4,0.5512795781893005,0.2743055555555556
bci4_2a,6,labram_frozen_randinit_p4,0.5575970936213992,0.2847222222222222
bci4_2a,7,labram_frozen_randinit_p4,0.5781089248971194,0.3159722222222222
bci4_2a,8,labram_frozen_randinit_p4,0.5324074074074074,0.2708333333333333
bci4_2a,9,labram_frozen_randinit_p4,0.5518743569958848,0.28125
bnci2014_004,1,cbramod_frozen_p2,0.584453125,0.578125
bnci2014_004,2,cbramod_frozen_p2,0.5302551020408164,0.49642857142857144
bnci2014_004,3,cbramod_frozen_p2,0.8705078124999999,0.78125
bnci2014_004,4,cbramod_frozen_p2,0.7352734375,0.653125
bnci2014_004,5,cbramod_frozen_p2,0.8371875,0.75
bnci2014_004,6,cbramod_frozen_p2,0.4986328125,0.490625
bnci2014_004,7,cbramod_frozen_p2,0.7616406249999998,0.7
bnci2014_004,8,cbramod_frozen_p2,0.61890625,0.578125
bnci2014_004,9,cbramod_frozen_p2,0.5526171875,0.534375
bnci2014_004,1,cbramod_frozen_p4,0.52234375,0.54375
bnci2014_004,2,cbramod_frozen_p4,0.5116326530612245,0.5214285714285715
bnci2014_004,3,cbramod_frozen_p4,0.8405078125000001,0.746875
bnci2014_004,4,cbramod_frozen_p4,0.8230078125,0.7125
bnci2014_004,5,cbramod_frozen_p4,0.7413671875,0.6875
bnci2014_004,6,cbramod_frozen_p4,0.49214843750000004,0.5
bnci2014_004,7,cbramod_frozen_p4,0.7857031250000001,0.7125
bnci2014_004,8,cbramod_frozen_p4,0.664609375,0.621875
bnci2014_004,9,cbramod_frozen_p4,0.6680078125000001,0.590625
bnci2014_004,1,cbramod_frozen_randinit_p2,0.5870312500000001,0.553125
bnci2014_004,2,cbramod_frozen_randinit_p2,0.6389795918367348,0.6
bnci2014_004,3,cbramod_frozen_randinit_p2,0.7458203125,0.665625
bnci2014_004,4,cbramod_frozen_randinit_p2,0.7393359374999999,0.684375
bnci2014_004,5,cbramod_frozen_randinit_p2,0.5516015625,0.546875
bnci2014_004,6,cbramod_frozen_randinit_p2,0.6141796875,0.59375
bnci2014_004,7,cbramod_frozen_randinit_p2,0.8844140625,0.803125
bnci2014_004,8,cbramod_frozen_randinit_p2,0.7598828125,0.7
bnci2014_004,9,cbramod_frozen_randinit_p2,0.5505859375,0.5625
bnci2014_004,1,cbramod_frozen_randinit_p4,0.595234375,0.584375
bnci2014_004,2,cbramod_frozen_randinit_p4,0.5106122448979592,0.5142857142857142
bnci2014_004,3,cbramod_frozen_randinit_p4,0.6922656250000001,0.6375
bnci2014_004,4,cbramod_frozen_randinit_p4,0.7238671875,0.6625
bnci2014_004,5,cbramod_frozen_randinit_p4,0.5021875,0.49375
bnci2014_004,6,cbramod_frozen_randinit_p4,0.5858203125,0.559375
bnci2014_004,7,cbramod_frozen_randinit_p4,0.8364453124999999,0.74375
bnci2014_004,8,cbramod_frozen_randinit_p4,0.7622656250000001,0.696875
bnci2014_004,9,cbramod_frozen_randinit_p4,0.506328125,0.503125
bnci2014_004,1,labram_frozen_p2,0.501796875,0.5125
bnci2014_004,2,labram_frozen_p2,0.5053061224489795,0.48928571428571427
bnci2014_004,3,labram_frozen_p2,0.4915234375,0.471875
bnci2014_004,4,labram_frozen_p2,0.569375,0.565625
bnci2014_004,5,labram_frozen_p2,0.6009375,0.5625
bnci2014_004,6,labram_frozen_p2,0.48964843750000003,0.496875
bnci2014_004,7,labram_frozen_p2,0.5897265625,0.578125
bnci2014_004,8,labram_frozen_p2,0.7126953125,0.65
bnci2014_004,9,labram_frozen_p2,0.605546875,0.58125
bnci2014_004,1,labram_frozen_p4,0.42328125,0.478125
bnci2014_004,2,labram_frozen_p4,0.5264795918367348,0.5035714285714286
bnci2014_004,3,labram_frozen_p4,0.5001953124999999,0.490625
bnci2014_004,4,labram_frozen_p4,0.738046875,0.671875
bnci2014_004,5,labram_frozen_p4,0.6224609375,0.575
bnci2014_004,6,labram_frozen_p4,0.511015625,0.515625
bnci2014_004,7,labram_frozen_p4,0.51875,0.478125
bnci2014_004,8,labram_frozen_p4,0.7667578125000001,0.678125
bnci2014_004,9,labram_frozen_p4,0.5710546875,0.5375
bnci2014_004,1,labram_frozen_randinit_p2,0.5528906250000001,0.528125
bnci2014_004,2,labram_frozen_randinit_p2,0.508265306122449,0.5107142857142857
bnci2014_004,3,labram_frozen_randinit_p2,0.5548046874999999,0.546875
bnci2014_004,4,labram_frozen_randinit_p2,0.5286328125,0.5125
bnci2014_004,5,labram_frozen_randinit_p2,0.5433984375,0.525
bnci2014_004,6,labram_frozen_randinit_p2,0.500546875,0.503125
bnci2014_004,7,labram_frozen_randinit_p2,0.5412890625,0.5125
bnci2014_004,8,labram_frozen_randinit_p2,0.5705078125,0.55625
bnci2014_004,9,labram_frozen_randinit_p2,0.49964843750000004,0.515625
bnci2014_004,1,labram_frozen_randinit_p4,0.49925781249999995,0.503125
bnci2014_004,2,labram_frozen_randinit_p4,0.5030102040816327,0.5321428571428571
bnci2014_004,3,labram_frozen_randinit_p4,0.55234375,0.528125
bnci2014_004,4,labram_frozen_randinit_p4,0.5791796875,0.553125
bnci2014_004,5,labram_frozen_randinit_p4,0.48761718749999994,0.490625
bnci2014_004,6,labram_frozen_randinit_p4,0.5062890624999999,0.515625
bnci2014_004,7,labram_frozen_randinit_p4,0.540546875,0.534375
bnci2014_004,8,labram_frozen_randinit_p4,0.5814453125,0.540625
bnci2014_004,9,labram_frozen_randinit_p4,0.4867578125,0.496875
