result_dir,dataset,subject,method,n_val,n_eval,val_conf_mean,eval_conf_mean,conf_shift,val_conf_std,eval_conf_std,val_conf_median,eval_conf_median,eval_accuracy_all,val_coverage@0.4,eval_coverage@0.4,coverage_gap@0.4,val_coverage@0.6,eval_coverage@0.6,coverage_gap@0.6,val_coverage@0.8,eval_coverage@0.8,coverage_gap@0.8,val_coverage@0.9,eval_coverage@0.9,coverage_gap@0.9
calibration_workflow_bnci2014_001,BNCI2014_001,1,augmentation,48,288,0.8382299579679966,0.842133575429519,0.0039036174615224573,0.14311948075069747,0.14564140365570874,0.8621724247932434,0.8849098682403564,0.0,0.3958333333333333,0.3854166666666667,-0.014583333333333337,0.5833333333333334,0.6145833333333334,0.014583333333333393,0.7916666666666666,0.7916666666666666,-0.008333333333333415,0.8958333333333334,0.8819444444444444,-0.018055555555555602
calibration_workflow_bnci2014_001,BNCI2014_001,2,augmentation,48,288,0.6314037479460239,0.6937494854339294,0.062345737487905506,0.18155626939762842,0.18838492115587335,0.5886726081371307,0.6797876954078674,0.0,0.3958333333333333,0.6041666666666666,0.2041666666666666,0.5833333333333334,0.7118055555555556,0.1118055555555556,0.7916666666666666,0.8680555555555556,0.06805555555555554,0.8958333333333334,0.9444444444444444,0.0444444444444444
calibration_workflow_bnci2014_001,BNCI2014_001,3,augmentation,48,288,0.7771185611685117,0.7753545707091689,-0.0017639904593428346,0.15336985061983455,0.18635844281784175,0.7989798486232758,0.8127370178699493,0.0,0.3958333333333333,0.46875,0.06874999999999998,0.5833333333333334,0.5451388888888888,-0.05486111111111114,0.7916666666666666,0.6701388888888888,-0.1298611111111112,0.8958333333333334,0.8263888888888888,-0.07361111111111118
calibration_workflow_bnci2014_001,BNCI2014_001,4,augmentation,48,288,0.6675928613791863,0.684470472443435,0.016877611064248677,0.15258331611997214,0.17586088252481227,0.6743524968624115,0.7029778063297272,0.0,0.3958333333333333,0.4756944444444444,0.0756944444444444,0.5833333333333334,0.5798611111111112,-0.020138888888888817,0.7916666666666666,0.7777777777777778,-0.022222222222222254,0.8958333333333334,0.8611111111111112,-0.03888888888888886
calibration_workflow_bnci2014_001,BNCI2014_001,5,augmentation,48,288,0.42955793750782806,0.418109181130098,-0.011448756377730074,0.08665568988537899,0.09303973453339227,0.42160244286060333,0.39963801205158234,0.0,0.3958333333333333,0.3472222222222222,-0.05277777777777781,0.5833333333333334,0.4965277777777778,-0.10347222222222219,0.7916666666666666,0.7326388888888888,-0.0673611111111112,0.8958333333333334,0.8402777777777778,-0.05972222222222223
calibration_workflow_bnci2014_001,BNCI2014_001,6,augmentation,48,288,0.4764841850847006,0.4648236051822702,-0.011660579902430357,0.12347280638377998,0.11161420466494096,0.45056262612342834,0.4469444453716278,0.0,0.3958333333333333,0.4444444444444444,0.0444444444444444,0.5833333333333334,0.5243055555555556,-0.0756944444444444,0.7916666666666666,0.6770833333333334,-0.12291666666666667,0.8958333333333334,0.84375,-0.05625000000000002
calibration_workflow_bnci2014_001,BNCI2014_001,7,augmentation,48,288,0.7182328806569179,0.7471464224573638,0.02891354180044592,0.15785608595329265,0.1631584388549743,0.7465886771678925,0.7517334818840027,0.0,0.3958333333333333,0.4305555555555556,0.030555555555555558,0.5833333333333334,0.6805555555555556,0.0805555555555556,0.7916666666666666,0.8194444444444444,0.019444444444444375,0.8958333333333334,0.9236111111111112,0.023611111111111138
calibration_workflow_bnci2014_001,BNCI2014_001,8,augmentation,48,288,0.771898940205574,0.7475411921946539,-0.024357748010920166,0.1792569700778751,0.16728434656981778,0.8101516366004944,0.7608062624931335,0.0,0.3958333333333333,0.3854166666666667,-0.014583333333333337,0.5833333333333334,0.4583333333333333,-0.14166666666666666,0.7916666666666666,0.7430555555555556,-0.056944444444444464,0.8958333333333334,0.8888888888888888,-0.011111111111111183
calibration_workflow_bnci2014_001,BNCI2014_001,9,augmentation,48,288,0.6298315792034069,0.6726360885012481,0.04280450929784119,0.16276722383213946,0.1536802944047782,0.6136893033981323,0.6683439910411835,0.0,0.3958333333333333,0.4618055555555556,0.06180555555555556,0.5833333333333334,0.7673611111111112,0.16736111111111118,0.7916666666666666,0.8680555555555556,0.06805555555555554,0.8958333333333334,0.9409722222222222,0.04097222222222219
calibration_workflow_bnci2014_001,BNCI2014_001,1,baseline,48,288,0.8080516383051872,0.805358506532179,-0.0026931317730082283,0.1305716288076748,0.15710746445556972,0.7953588664531708,0.8372820615768433,0.0,0.3958333333333333,0.5277777777777778,0.12777777777777777,0.5833333333333334,0.6006944444444444,0.000694444444444442,0.7916666666666666,0.6805555555555556,-0.11944444444444446,0.8958333333333334,0.8090277777777778,-0.09097222222222223
calibration_workflow_bnci2014_001,BNCI2014_001,2,baseline,48,288,0.6016055836031834,0.6483449795179896,0.04673939591480625,0.19305593847114014,0.19047103339106564,0.5703753530979156,0.5907939076423645,0.0,0.3958333333333333,0.4548611111111111,0.05486111111111108,0.5833333333333334,0.6180555555555556,0.018055555555555602,0.7916666666666666,0.8923611111111112,0.09236111111111112,0.8958333333333334,0.9583333333333334,0.05833333333333335
calibration_workflow_bnci2014_001,BNCI2014_001,3,baseline,48,288,0.7911233181754748,0.7949098442784615,0.003786526102986687,0.15202720641987258,0.17616980085431208,0.8301689624786377,0.8555480241775513,0.0,0.3958333333333333,0.4826388888888889,0.08263888888888887,0.5833333333333334,0.6076388888888888,0.007638888888888862,0.7916666666666666,0.71875,-0.08125000000000004,0.8958333333333334,0.8229166666666666,-0.07708333333333339
calibration_workflow_bnci2014_001,BNCI2014_001,4,baseline,48,288,0.6675928613791863,0.684470472443435,0.016877611064248677,0.15258331611997214,0.17586088252481227,0.6743524968624115,0.7029778063297272,0.0,0.3958333333333333,0.4756944444444444,0.0756944444444444,0.5833333333333334,0.5798611111111112,-0.020138888888888817,0.7916666666666666,0.7777777777777778,-0.022222222222222254,0.8958333333333334,0.8611111111111112,-0.03888888888888886
calibration_workflow_bnci2014_001,BNCI2014_001,5,baseline,48,288,0.3432589943210284,0.36851618759748006,0.02525719327645165,0.05627948602045148,0.07912166149215277,0.3253821134567261,0.35215049982070923,0.0,0.3958333333333333,0.6111111111111112,0.21111111111111114,0.5833333333333334,0.6909722222222222,0.09097222222222223,0.7916666666666666,0.7569444444444444,-0.043055555555555625,0.8958333333333334,0.8645833333333334,-0.03541666666666665
calibration_workflow_bnci2014_001,BNCI2014_001,6,baseline,48,288,0.4747337040801843,0.4643059622289406,-0.010427741851243677,0.11847525756633526,0.10437593144986596,0.44388143718242645,0.455502912402153,0.0,0.3958333333333333,0.4479166666666667,0.04791666666666666,0.5833333333333334,0.5659722222222222,-0.03402777777777777,0.7916666666666666,0.6944444444444444,-0.10555555555555562,0.8958333333333334,0.8125,-0.08750000000000002
calibration_workflow_bnci2014_001,BNCI2014_001,7,baseline,48,288,0.7182328806569179,0.7471464224573638,0.02891354180044592,0.15785608595329265,0.1631584388549743,0.7465886771678925,0.7517334818840027,0.0,0.3958333333333333,0.4305555555555556,0.030555555555555558,0.5833333333333334,0.6805555555555556,0.0805555555555556,0.7916666666666666,0.8194444444444444,0.019444444444444375,0.8958333333333334,0.9236111111111112,0.023611111111111138
calibration_workflow_bnci2014_001,BNCI2014_001,8,baseline,48,288,0.7600344506402811,0.7379676712056001,-0.02206677943468094,0.17885058526084424,0.16621635468426607,0.7751280069351196,0.7734664678573608,0.0,0.3958333333333333,0.2951388888888889,-0.10486111111111113,0.5833333333333334,0.5347222222222222,-0.06527777777777777,0.7916666666666666,0.7986111111111112,-0.001388888888888884,0.8958333333333334,0.8888888888888888,-0.011111111111111183
calibration_workflow_bnci2014_001,BNCI2014_001,9,baseline,48,288,0.6253300743798414,0.6720756465155218,0.04674557213568031,0.16461543494625494,0.16307035595118438,0.5966451168060303,0.6773663461208344,0.0,0.3958333333333333,0.5416666666666666,0.1416666666666666,0.5833333333333334,0.6840277777777778,0.08402777777777781,0.7916666666666666,0.8611111111111112,0.061111111111111116,0.8958333333333334,0.9409722222222222,0.04097222222222219
calibration_workflow_bnci2014_001,BNCI2014_001,1,seed_ensemble,48,288,0.8255494001011053,0.8247482622456219,-0.0008011378554834137,0.13312011803960427,0.15268343159208536,0.8329929113388062,0.8584171235561371,0.0,0.3958333333333333,0.4270833333333333,0.027083333333333293,0.5833333333333334,0.6180555555555556,0.018055555555555602,0.7916666666666666,0.75,-0.050000000000000044,0.8958333333333334,0.7951388888888888,-0.10486111111111118
calibration_workflow_bnci2014_001,BNCI2014_001,2,seed_ensemble,48,288,0.6261259863773981,0.6627530743264489,0.036627087949050785,0.19269213613775948,0.18864173289563144,0.5630872547626495,0.6247401237487793,0.0,0.3958333333333333,0.4791666666666667,0.07916666666666666,0.5833333333333334,0.6875,0.08750000000000002,0.7916666666666666,0.8784722222222222,0.07847222222222217,0.8958333333333334,0.9131944444444444,0.013194444444444398
calibration_workflow_bnci2014_001,BNCI2014_001,3,seed_ensemble,48,288,0.7234791771819195,0.7583354596669475,0.034856282485028034,0.168854320074237,0.18881589969950427,0.7289648652076721,0.8237890899181366,0.0,0.3958333333333333,0.5381944444444444,0.1381944444444444,0.5833333333333334,0.6527777777777778,0.05277777777777781,0.7916666666666666,0.7986111111111112,-0.001388888888888884,0.8958333333333334,0.8645833333333334,-0.03541666666666665
calibration_workflow_bnci2014_001,BNCI2014_001,4,seed_ensemble,48,288,0.6656771370520195,0.6976122683328059,0.0319351312807864,0.15547477233137064,0.17682785755193114,0.6321464478969574,0.7183577120304108,0.0,0.3958333333333333,0.5034722222222222,0.10347222222222219,0.5833333333333334,0.6319444444444444,0.03194444444444444,0.7916666666666666,0.78125,-0.018750000000000044,0.8958333333333334,0.8472222222222222,-0.05277777777777781
calibration_workflow_bnci2014_001,BNCI2014_001,5,seed_ensemble,48,288,0.3820538104822238,0.4149473649967048,0.032893554514481005,0.07492466041472949,0.11198681096176583,0.3742268681526184,0.38858726620674133,0.0,0.3958333333333333,0.5416666666666666,0.1416666666666666,0.5833333333333334,0.59375,-0.006249999999999978,0.7916666666666666,0.7847222222222222,-0.015277777777777835,0.8958333333333334,0.8645833333333334,-0.03541666666666665
calibration_workflow_bnci2014_001,BNCI2014_001,6,seed_ensemble,48,288,0.5311129645754894,0.52742206874407,-0.0036908958314193496,0.137113719851508,0.14226331616763924,0.5025461614131927,0.501858189702034,0.0,0.3958333333333333,0.4027777777777778,0.002777777777777768,0.5833333333333334,0.53125,-0.06874999999999998,0.7916666666666666,0.71875,-0.08125000000000004,0.8958333333333334,0.875,-0.025000000000000022
calibration_workflow_bnci2014_001,BNCI2014_001,7,seed_ensemble,48,288,0.713168037434419,0.7268149321898818,0.013646894755462768,0.15875131909059836,0.17499768922499287,0.710784912109375,0.7379646599292755,0.0,0.3958333333333333,0.3472222222222222,-0.05277777777777781,0.5833333333333334,0.6527777777777778,0.05277777777777781,0.7916666666666666,0.8194444444444444,0.019444444444444375,0.8958333333333334,0.8784722222222222,-0.021527777777777812
calibration_workflow_bnci2014_001,BNCI2014_001,8,seed_ensemble,48,288,0.7633499248574177,0.728392347589963,-0.03495757726745474,0.17481855748175149,0.16964843386503858,0.7880145907402039,0.7522845566272736,0.0,0.3958333333333333,0.2361111111111111,-0.16388888888888892,0.5833333333333334,0.4652777777777778,-0.1347222222222222,0.7916666666666666,0.7256944444444444,-0.07430555555555562,0.8958333333333334,0.8888888888888888,-0.011111111111111183
calibration_workflow_bnci2014_001,BNCI2014_001,9,seed_ensemble,48,288,0.6465937774628401,0.7089879101970129,0.062394132734172825,0.17001040333281348,0.16418544905407056,0.584944874048233,0.7108159959316254,0.0,0.3958333333333333,0.5173611111111112,0.11736111111111114,0.5833333333333334,0.7048611111111112,0.10486111111111118,0.7916666666666666,0.8541666666666666,0.054166666666666585,0.8958333333333334,0.9652777777777778,0.06527777777777777
calibration_workflow_bnci2014_001,BNCI2014_001,1,teacher_student_mixture,48,288,0.8077949968477091,0.800274446606636,-0.00752055024107301,0.15126996946147303,0.1575076521911621,0.8369835615158081,0.8360159993171692,0.0,0.3958333333333333,0.3541666666666667,-0.04583333333333334,0.5833333333333334,0.6284722222222222,0.028472222222222232,0.7916666666666666,0.71875,-0.08125000000000004,0.8958333333333334,0.875,-0.025000000000000022
calibration_workflow_bnci2014_001,BNCI2014_001,2,teacher_student_mixture,48,288,0.570451807230711,0.5604896113897363,-0.009962195840974686,0.17052299097425538,0.17363075932181732,0.552758127450943,0.5132778584957123,0.0,0.3958333333333333,0.3194444444444444,-0.0805555555555556,0.5833333333333334,0.4861111111111111,-0.11388888888888887,0.7916666666666666,0.7916666666666666,-0.008333333333333415,0.8958333333333334,0.8958333333333334,-0.004166666666666652
calibration_workflow_bnci2014_001,BNCI2014_001,3,teacher_student_mixture,48,288,0.8096908200532198,0.8249839468755655,0.015293126822345737,0.17784078789699548,0.17317054121858083,0.8977425694465637,0.8944727778434753,0.0,0.3958333333333333,0.4652777777777778,0.06527777777777777,0.5833333333333334,0.5833333333333334,-0.016666666666666607,0.7916666666666666,0.8159722222222222,0.015972222222222165,0.8958333333333334,0.9479166666666666,0.04791666666666661
calibration_workflow_bnci2014_001,BNCI2014_001,4,teacher_student_mixture,48,288,0.6555473456780115,0.6713769829107655,0.01582963723275399,0.14812538830551733,0.1699369766485641,0.6530714929103851,0.6921244263648987,0.0,0.3958333333333333,0.4722222222222222,0.07222222222222219,0.5833333333333334,0.5625,-0.03749999999999998,0.7916666666666666,0.7847222222222222,-0.015277777777777835,0.8958333333333334,0.8541666666666666,-0.04583333333333339
calibration_workflow_bnci2014_001,BNCI2014_001,5,teacher_student_mixture,48,288,0.32189217768609524,0.32934643752459025,0.007454259838495014,0.040847880019674015,0.05255295703218438,0.31218908727169037,0.3180919289588928,0.0,0.3958333333333333,0.5173611111111112,0.11736111111111114,0.5833333333333334,0.5868055555555556,-0.013194444444444398,0.7916666666666666,0.7465277777777778,-0.053472222222222254,0.8958333333333334,0.8333333333333334,-0.06666666666666665
calibration_workflow_bnci2014_001,BNCI2014_001,6,teacher_student_mixture,48,288,0.4352350402623415,0.4278902525289191,-0.007344787733422398,0.09303842158798444,0.08423075920722944,0.41128163039684296,0.41878174245357513,0.0,0.3958333333333333,0.4131944444444444,0.013194444444444398,0.5833333333333334,0.5868055555555556,-0.013194444444444398,0.7916666666666666,0.7222222222222222,-0.07777777777777783,0.8958333333333334,0.7534722222222222,-0.1465277777777778
calibration_workflow_bnci2014_001,BNCI2014_001,7,teacher_student_mixture,48,288,0.6779763046652079,0.6720959760455621,-0.005880328619645714,0.1519816698451307,0.18837410646218936,0.6470629274845123,0.6447890400886536,0.0,0.3958333333333333,0.3472222222222222,-0.05277777777777781,0.5833333333333334,0.5381944444444444,-0.06180555555555556,0.7916666666666666,0.7118055555555556,-0.08819444444444446,0.8958333333333334,0.8020833333333334,-0.09791666666666665
calibration_workflow_bnci2014_001,BNCI2014_001,8,teacher_student_mixture,48,288,0.7685025601337353,0.7406086053492295,-0.027893954784505848,0.18521267830339644,0.17091177345986439,0.817836731672287,0.7705572247505188,0.0,0.3958333333333333,0.2847222222222222,-0.11527777777777781,0.5833333333333334,0.4861111111111111,-0.11388888888888887,0.7916666666666666,0.7847222222222222,-0.015277777777777835,0.8958333333333334,0.9479166666666666,0.04791666666666661
calibration_workflow_bnci2014_001,BNCI2014_001,9,teacher_student_mixture,48,288,0.5891093518584967,0.6176353434307708,0.02852599157227409,0.1762743850258958,0.15878251240291336,0.5330828428268433,0.5981768071651459,0.0,0.3958333333333333,0.4548611111111111,0.05486111111111108,0.5833333333333334,0.7013888888888888,0.10138888888888886,0.7916666666666666,0.8715277777777778,0.07152777777777775,0.8958333333333334,0.9479166666666666,0.04791666666666661
calibration_workflow_bnci2014_004,BNCI2014_004,1,augmentation,160,320,0.8219726487994194,0.854812229797244,0.03283958099782458,0.1473674767494405,0.14807398820675294,0.8670437037944794,0.9161605536937714,0.0,0.4,0.534375,0.13437500000000002,0.6,0.64375,0.04375000000000007,0.8,0.85625,0.05624999999999991,0.9,0.925,0.025000000000000022
calibration_workflow_bnci2014_004,BNCI2014_004,2,augmentation,160,280,0.6102098159492015,0.6016185969114304,-0.008591219037771158,0.08481958505611467,0.07726872643151107,0.5876251757144928,0.5827745795249939,0.0,0.4,0.3535714285714286,-0.04642857142857143,0.6,0.575,-0.025000000000000022,0.8,0.8464285714285714,0.046428571428571375,0.9,0.8928571428571429,-0.0071428571428571175
calibration_workflow_bnci2014_004,BNCI2014_004,3,augmentation,160,320,0.5011196520179511,0.5011009210720658,-1.8730945885225836e-05,0.0010689670498690933,0.0010305056602488989,0.5007870197296143,0.5008818507194519,0.0,0.4,0.41875,0.01874999999999999,0.6,0.628125,0.028125000000000067,0.8,0.834375,0.03437499999999993,0.9,0.909375,0.009375000000000022
calibration_workflow_bnci2014_004,BNCI2014_004,4,augmentation,160,320,0.991384020447731,0.9773364370688796,-0.01404758337885137,0.04764128770652089,0.07605161318686422,0.9999962449073792,0.9999631345272064,0.0,0.40625,0.30625,-0.09375,0.6,0.459375,-0.140625,0.8,0.665625,-0.13437500000000002,0.9,0.771875,-0.12812500000000004
calibration_workflow_bnci2014_004,BNCI2014_004,5,augmentation,160,320,0.9320387229323387,0.9138065837323666,-0.01823213919997213,0.11173774982790947,0.12149952938634649,0.9838888645172119,0.979713499546051,0.0,0.4,0.4,0.0,0.6,0.553125,-0.046875,0.8,0.7,-0.10000000000000009,0.9,0.875,-0.025000000000000022
calibration_workflow_bnci2014_004,BNCI2014_004,6,augmentation,160,320,0.7822280511260032,0.8111778112128377,0.028949760086834475,0.14463357738847957,0.14393071323975007,0.8011497259140015,0.8534617125988007,0.0,0.4,0.509375,0.109375,0.6,0.65625,0.05625000000000002,0.8,0.8375,0.03749999999999998,0.9,0.921875,0.021874999999999978
calibration_workflow_bnci2014_004,BNCI2014_004,7,augmentation,160,320,0.8585653237998485,0.8088682783767581,-0.04969704542309039,0.13509564484909814,0.15507206927765263,0.908039003610611,0.842802494764328,0.0,0.4,0.275,-0.125,0.6,0.471875,-0.128125,0.8,0.65625,-0.14375000000000004,0.9,0.809375,-0.09062500000000007
calibration_workflow_bnci2014_004,BNCI2014_004,8,augmentation,160,320,0.8895349968224764,0.9060932928696275,0.01655829604715109,0.11801264357426142,0.13027088308740048,0.9236941337585449,0.9745715856552124,0.0,0.4,0.5375,0.13749999999999996,0.6,0.703125,0.10312500000000002,0.8,0.825,0.02499999999999991,0.9,0.896875,-0.0031250000000000444
calibration_workflow_bnci2014_004,BNCI2014_004,9,augmentation,160,320,0.8816132515668869,0.8785110695287586,-0.003102182038128287,0.14200522825215897,0.1409769184508711,0.9493203163146973,0.9437024295330048,0.0,0.4,0.328125,-0.07187500000000002,0.6,0.60625,0.006249999999999978,0.8,0.79375,-0.006250000000000089,0.9,0.878125,-0.021874999999999978
calibration_workflow_bnci2014_004,BNCI2014_004,1,baseline,160,320,0.8219726487994194,0.854812229797244,0.03283958099782458,0.1473674767494405,0.14807398820675294,0.8670437037944794,0.9161605536937714,0.0,0.4,0.534375,0.13437500000000002,0.6,0.64375,0.04375000000000007,0.8,0.85625,0.05624999999999991,0.9,0.925,0.025000000000000022
calibration_workflow_bnci2014_004,BNCI2014_004,2,baseline,160,280,0.6108775213360786,0.6028522238135338,-0.008025297522544883,0.08367552711978336,0.0715908572090423,0.6024000644683838,0.5890147984027863,0.0,0.4,0.375,-0.025000000000000022,0.6,0.6,0.0,0.8,0.8178571428571428,0.017857142857142794,0.9,0.9035714285714286,0.0035714285714285587
calibration_workflow_bnci2014_004,BNCI2014_004,3,baseline,160,320,0.5011196520179511,0.5011009210720658,-1.8730945885225836e-05,0.0010689670498690933,0.0010305056602488989,0.5007870197296143,0.5008818507194519,0.0,0.4,0.41875,0.01874999999999999,0.6,0.628125,0.028125000000000067,0.8,0.834375,0.03437499999999993,0.9,0.909375,0.009375000000000022
calibration_workflow_bnci2014_004,BNCI2014_004,4,baseline,160,320,0.9895728472620249,0.9684762915596365,-0.02109655570238833,0.04568423767995859,0.08878391417886379,0.9999260306358337,0.9996715188026428,0.0,0.4,0.315625,-0.08437500000000003,0.6,0.459375,-0.140625,0.8,0.671875,-0.12812500000000004,0.9,0.775,-0.125
calibration_workflow_bnci2014_004,BNCI2014_004,5,baseline,160,320,0.9277561899274588,0.8990077698603273,-0.02874842006713152,0.11754821374098141,0.13550697365038283,0.980827659368515,0.9610528349876404,0.0,0.4,0.328125,-0.07187500000000002,0.6,0.4625,-0.13749999999999996,0.8,0.709375,-0.09062500000000007,0.9,0.85,-0.050000000000000044
calibration_workflow_bnci2014_004,BNCI2014_004,6,baseline,160,320,0.7589842122048139,0.7798966070637107,0.020912394858896732,0.13831242183406758,0.14859595940942616,0.7540514469146729,0.8051495552062988,0.0,0.4,0.49375,0.09375,0.6,0.6375,0.03749999999999998,0.8,0.796875,-0.0031250000000000444,0.9,0.890625,-0.009375000000000022
calibration_workflow_bnci2014_004,BNCI2014_004,7,baseline,160,320,0.8585653237998485,0.8088682783767581,-0.04969704542309039,0.13509564484909814,0.15507206927765263,0.908039003610611,0.842802494764328,0.0,0.4,0.275,-0.125,0.6,0.471875,-0.128125,0.8,0.65625,-0.14375000000000004,0.9,0.809375,-0.09062500000000007
calibration_workflow_bnci2014_004,BNCI2014_004,8,baseline,160,320,0.8895349968224764,0.9060932928696275,0.01655829604715109,0.11801264357426142,0.13027088308740048,0.9236941337585449,0.9745715856552124,0.0,0.4,0.5375,0.13749999999999996,0.6,0.703125,0.10312500000000002,0.8,0.825,0.02499999999999991,0.9,0.896875,-0.0031250000000000444
calibration_workflow_bnci2014_004,BNCI2014_004,9,baseline,160,320,0.8816132515668869,0.8785110695287586,-0.003102182038128287,0.14200522825215897,0.1409769184508711,0.9493203163146973,0.9437024295330048,0.0,0.4,0.328125,-0.07187500000000002,0.6,0.60625,0.006249999999999978,0.8,0.79375,-0.006250000000000089,0.9,0.878125,-0.021874999999999978
calibration_workflow_bnci2014_004,BNCI2014_004,1,seed_ensemble,160,320,0.8188766509294509,0.8511788230389357,0.03230217210948472,0.15116932224607071,0.14604440573051689,0.8600433468818665,0.902220219373703,0.0,0.4,0.50625,0.10624999999999996,0.6,0.66875,0.06874999999999998,0.8,0.85625,0.05624999999999991,0.9,0.93125,0.03125
calibration_workflow_bnci2014_004,BNCI2014_004,2,seed_ensemble,160,280,0.6050790850073099,0.6037328764796257,-0.0013462085276841895,0.08147150509689163,0.07230800560941725,0.591591864824295,0.5886306464672089,0.0,0.4,0.3964285714285714,-0.0035714285714286143,0.6,0.5964285714285714,-0.0035714285714285587,0.8,0.8357142857142857,0.0357142857142857,0.9,0.9178571428571428,0.017857142857142794
calibration_workflow_bnci2014_004,BNCI2014_004,3,seed_ensemble,160,320,0.502222416177392,0.5017477726563812,-0.0004746435210108979,0.001981957741732056,0.0015783149212235986,0.5016615390777588,0.5012436211109161,0.0,0.4,0.3125,-0.08750000000000002,0.6,0.534375,-0.06562499999999993,0.8,0.734375,-0.06562500000000004,0.9,0.884375,-0.015625
calibration_workflow_bnci2014_004,BNCI2014_004,4,seed_ensemble,160,320,0.9910434737801552,0.9737214947119355,-0.01732197906821975,0.04474406205193587,0.08300543853472185,0.9999779760837555,0.9998891055583954,0.0,0.4,0.2875,-0.11250000000000004,0.6,0.440625,-0.159375,0.8,0.6625,-0.13750000000000007,0.9,0.778125,-0.12187500000000007
calibration_workflow_bnci2014_004,BNCI2014_004,5,seed_ensemble,160,320,0.9235783599317073,0.9069562807679177,-0.01662207916378966,0.11831932324531756,0.12716774967727182,0.9808005690574646,0.9745664894580841,0.0,0.4,0.378125,-0.021875000000000033,0.6,0.525,-0.07499999999999996,0.8,0.746875,-0.05312500000000009,0.9,0.85625,-0.04375000000000007
calibration_workflow_bnci2014_004,BNCI2014_004,6,seed_ensemble,160,320,0.7675738278776407,0.8024214178323745,0.034847589954733804,0.1466618725456702,0.14936662280261823,0.7854828238487244,0.8394483029842377,0.0,0.4,0.51875,0.11875000000000002,0.6,0.646875,0.046875,0.8,0.84375,0.043749999999999956,0.9,0.93125,0.03125
calibration_workflow_bnci2014_004,BNCI2014_004,7,seed_ensemble,160,320,0.85341657102108,0.8060613000765443,-0.04735527094453573,0.1347165566756215,0.1519852890800287,0.9047469794750214,0.8258770406246185,0.0,0.4,0.30625,-0.09375,0.6,0.446875,-0.15312499999999996,0.8,0.69375,-0.10625000000000007,0.9,0.775,-0.125
calibration_workflow_bnci2014_004,BNCI2014_004,8,seed_ensemble,160,320,0.8869139175862074,0.9065729919821024,0.019659074395894982,0.12317748504096596,0.13112255827465896,0.922362357378006,0.9782126247882843,0.0,0.4,0.553125,0.15312499999999996,0.6,0.69375,0.09375,0.8,0.834375,0.03437499999999993,0.9,0.878125,-0.021874999999999978
calibration_workflow_bnci2014_004,BNCI2014_004,9,seed_ensemble,160,320,0.8835068412125111,0.8803208328783512,-0.00318600833415994,0.14405057021355858,0.14123992745397151,0.9557388424873352,0.9446812868118286,0.0,0.4,0.35625,-0.04375000000000001,0.6,0.578125,-0.021874999999999978,0.8,0.78125,-0.018750000000000044,0.9,0.890625,-0.009375000000000022
calibration_workflow_bnci2014_004,BNCI2014_004,1,teacher_student_mixture,160,320,0.7661013316363097,0.8217871360480785,0.05568580441176885,0.13825361414727738,0.14307513203365857,0.7721751928329468,0.8741427659988403,0.0,0.4,0.584375,0.18437499999999996,0.6,0.74375,0.14375000000000004,0.8,0.85625,0.05624999999999991,0.9,0.921875,0.021874999999999978
calibration_workflow_bnci2014_004,BNCI2014_004,2,teacher_student_mixture,160,280,0.6108775213360786,0.6028522238135338,-0.008025297522544883,0.08367552711978336,0.0715908572090423,0.6024000644683838,0.5890147984027863,0.0,0.4,0.375,-0.025000000000000022,0.6,0.6,0.0,0.8,0.8178571428571428,0.017857142857142794,0.9,0.9035714285714286,0.0035714285714285587
calibration_workflow_bnci2014_004,BNCI2014_004,3,teacher_student_mixture,160,320,0.5213608730584383,0.5228044588118792,0.0014435857534409458,0.014756457647370127,0.014802742625989278,0.5189182162284851,0.5213414132595062,0.0,0.4,0.453125,0.05312499999999998,0.6,0.675,0.07500000000000007,0.8,0.834375,0.03437499999999993,0.9,0.89375,-0.006249999999999978
calibration_workflow_bnci2014_004,BNCI2014_004,4,teacher_student_mixture,160,320,0.9850128673017025,0.9500960914418102,-0.03491677585989228,0.04527766092745116,0.10100464537170245,0.9991602301597595,0.9973212778568268,0.0,0.4,0.30625,-0.09375,0.6,0.475,-0.125,0.8,0.615625,-0.18437500000000007,0.9,0.7375,-0.16249999999999998
calibration_workflow_bnci2014_004,BNCI2014_004,5,teacher_student_mixture,160,320,0.9065369695425034,0.8751533599570394,-0.031383609585464045,0.11426271552341538,0.1299538530920163,0.9536112844944,0.9251381754875183,0.0,0.4,0.31875,-0.08125000000000004,0.6,0.43125,-0.16874999999999996,0.8,0.68125,-0.11875000000000002,0.9,0.840625,-0.05937500000000007
calibration_workflow_bnci2014_004,BNCI2014_004,6,teacher_student_mixture,160,320,0.7589842122048139,0.7798966070637107,0.020912394858896732,0.13831242183406758,0.14859595940942616,0.7540514469146729,0.8051495552062988,0.0,0.4,0.49375,0.09375,0.6,0.6375,0.03749999999999998,0.8,0.796875,-0.0031250000000000444,0.9,0.890625,-0.009375000000000022
calibration_workflow_bnci2014_004,BNCI2014_004,7,teacher_student_mixture,160,320,0.8585653237998485,0.8088682783767581,-0.04969704542309039,0.13509564484909814,0.15507206927765263,0.908039003610611,0.842802494764328,0.0,0.4,0.275,-0.125,0.6,0.471875,-0.128125,0.8,0.65625,-0.14375000000000004,0.9,0.809375,-0.09062500000000007
calibration_workflow_bnci2014_004,BNCI2014_004,8,teacher_student_mixture,160,320,0.8895349968224764,0.9060932928696275,0.01655829604715109,0.11801264357426142,0.13027088308740048,0.9236941337585449,0.9745715856552124,0.0,0.4,0.5375,0.13749999999999996,0.6,0.703125,0.10312500000000002,0.8,0.825,0.02499999999999991,0.9,0.896875,-0.0031250000000000444
calibration_workflow_bnci2014_004,BNCI2014_004,9,teacher_student_mixture,160,320,0.8816132515668869,0.8785110695287586,-0.003102182038128287,0.14200522825215897,0.1409769184508711,0.9493203163146973,0.9437024295330048,0.0,0.4,0.328125,-0.07187500000000002,0.6,0.60625,0.006249999999999978,0.8,0.79375,-0.006250000000000089,0.9,0.878125,-0.021874999999999978
calibration_workflow,bci4_2a,1,architecture,58,288,0.9100336545500262,0.9179480005469587,0.007914345996932526,0.1422194327006559,0.1294428466192755,0.9865571558475494,0.9891278147697449,0.0,0.39655172413793105,0.4340277777777778,0.03402777777777777,0.5862068965517241,0.5763888888888888,-0.023611111111111138,0.7931034482758621,0.7673611111111112,-0.032638888888888884,0.896551724137931,0.9201388888888888,0.020138888888888817
calibration_workflow,bci4_2a,2,architecture,58,288,0.5748268391551643,0.644739225299822,0.06991238614465767,0.19716836463552495,0.2102394449479488,0.5016953647136688,0.6335945427417755,0.0,0.39655172413793105,0.5659722222222222,0.1659722222222222,0.5862068965517241,0.7013888888888888,0.10138888888888886,0.7931034482758621,0.8472222222222222,0.047222222222222165,0.896551724137931,0.8923611111111112,-0.007638888888888862
calibration_workflow,bci4_2a,3,architecture,58,288,0.9315376574623173,0.931181465379066,-0.0003561920832513277,0.12498568463467251,0.12084791737384809,0.9887487292289734,0.99005526304245,0.0,0.39655172413793105,0.4444444444444444,0.0444444444444444,0.5862068965517241,0.59375,-0.006249999999999978,0.7931034482758621,0.7430555555555556,-0.056944444444444464,0.896551724137931,0.8993055555555556,-0.000694444444444442
calibration_workflow,bci4_2a,4,architecture,58,288,0.6874268090930479,0.6627193535160687,-0.024707455576979176,0.1850692775265543,0.18178112487569378,0.7253309488296509,0.6512778103351593,0.0,0.39655172413793105,0.3194444444444444,-0.0805555555555556,0.5862068965517241,0.4965277777777778,-0.10347222222222219,0.7931034482758621,0.7951388888888888,-0.004861111111111205,0.896551724137931,0.9027777777777778,0.002777777777777768
calibration_workflow,bci4_2a,5,architecture,58,288,0.6836130603634077,0.6090574266595973,-0.07455563370381046,0.17200565938710008,0.1646169578926122,0.6918006539344788,0.5987699925899506,0.0,0.39655172413793105,0.24305555555555555,-0.15694444444444447,0.5862068965517241,0.4166666666666667,-0.1833333333333333,0.7931034482758621,0.6458333333333334,-0.15416666666666667,0.896551724137931,0.8159722222222222,-0.08402777777777781
calibration_workflow,bci4_2a,6,architecture,58,288,0.6399818376220506,0.5958362005444037,-0.04414563707764696,0.14781456196253628,0.16243147773913608,0.6159287095069885,0.5766998827457428,0.0,0.39655172413793105,0.2673611111111111,-0.13263888888888892,0.5862068965517241,0.4583333333333333,-0.14166666666666666,0.7931034482758621,0.7013888888888888,-0.0986111111111112,0.896551724137931,0.7777777777777778,-0.12222222222222223
calibration_workflow,bci4_2a,7,architecture,58,288,0.9264512000412777,0.9390273224562407,0.012576122414962976,0.13500976256431838,0.11871352406040354,0.9916029870510101,0.9992127120494843,0.0,0.39655172413793105,0.5243055555555556,0.12430555555555556,0.5862068965517241,0.6701388888888888,0.07013888888888886,0.7931034482758621,0.8020833333333334,0.002083333333333326,0.896551724137931,0.9201388888888888,0.020138888888888817
calibration_workflow,bci4_2a,8,architecture,58,288,0.9405543033418984,0.8978812855978807,-0.04267301774401766,0.1091067900762776,0.13953494125606153,0.9922142028808594,0.9663543105125427,0.0,0.39655172413793105,0.2152777777777778,-0.18472222222222223,0.5862068965517241,0.3993055555555556,-0.2006944444444444,0.7931034482758621,0.6076388888888888,-0.1923611111111112,0.896551724137931,0.8506944444444444,-0.0493055555555556
calibration_workflow,bci4_2a,9,architecture,56,264,0.6876716943723815,0.7752576431993282,0.0875859488269467,0.18357133272530535,0.17512421727559566,0.7094726264476776,0.8117626011371613,0.0,0.39285714285714285,0.5568181818181818,0.15681818181818175,0.5892857142857143,0.803030303030303,0.203030303030303,0.7857142857142857,0.9090909090909091,0.10909090909090902,0.8928571428571429,0.9583333333333334,0.05833333333333335
calibration_workflow,bci4_2a,1,augmentation,58,288,0.8216369460368979,0.835710515992509,0.014073569955611154,0.1669113061372891,0.15968903144695692,0.86859130859375,0.8857830762863159,0.0,0.39655172413793105,0.4131944444444444,0.013194444444444398,0.5862068965517241,0.5763888888888888,-0.023611111111111138,0.7931034482758621,0.7951388888888888,-0.004861111111111205,0.896551724137931,0.9583333333333334,0.05833333333333335
calibration_workflow,bci4_2a,2,augmentation,58,288,0.5978014787723278,0.6445630631513066,0.046761584378978815,0.18837687766289352,0.17527422446456442,0.5619510114192963,0.6125735938549042,0.0,0.39655172413793105,0.5555555555555556,0.15555555555555556,0.5862068965517241,0.7083333333333334,0.10833333333333339,0.7931034482758621,0.8819444444444444,0.08194444444444438,0.896551724137931,0.9618055555555556,0.06180555555555556
calibration_workflow,bci4_2a,3,augmentation,58,288,0.9189456742385338,0.9287619756327735,0.009816301394239724,0.1399517039616976,0.12258601276000725,0.9843462109565735,0.9923690259456635,0.0,0.39655172413793105,0.4965277777777778,0.09652777777777777,0.5862068965517241,0.6388888888888888,0.03888888888888886,0.7931034482758621,0.7847222222222222,-0.015277777777777835,0.896551724137931,0.8784722222222222,-0.021527777777777812
calibration_workflow,bci4_2a,4,augmentation,58,288,0.6517091891888914,0.693346351902518,0.04163716271362661,0.1837871087814077,0.1774295199702198,0.6170300245285034,0.6870324611663818,0.0,0.39655172413793105,0.4895833333333333,0.08958333333333329,0.5862068965517241,0.7326388888888888,0.13263888888888886,0.7931034482758621,0.8472222222222222,0.047222222222222165,0.896551724137931,0.8784722222222222,-0.021527777777777812
calibration_workflow,bci4_2a,5,augmentation,58,288,0.6527953605199682,0.6112398524872131,-0.041555508032755095,0.16913365521342574,0.17086803954076285,0.6320582628250122,0.6070767343044281,0.0,0.39655172413793105,0.2881944444444444,-0.1118055555555556,0.5862068965517241,0.53125,-0.06874999999999998,0.7931034482758621,0.7534722222222222,-0.046527777777777835,0.896551724137931,0.7881944444444444,-0.1118055555555556
calibration_workflow,bci4_2a,6,augmentation,58,288,0.6327644129251612,0.5953986869297094,-0.03736572599545174,0.1537138803970397,0.16097896770395753,0.6207453608512878,0.5592774450778961,0.0,0.39655172413793105,0.2708333333333333,-0.1291666666666667,0.5862068965517241,0.4479166666666667,-0.1520833333333333,0.7931034482758621,0.7048611111111112,-0.09513888888888888,0.896551724137931,0.8368055555555556,-0.06319444444444444
calibration_workflow,bci4_2a,7,augmentation,58,288,0.8824325892431982,0.9129976752317615,0.030565085988563223,0.14774737863776224,0.13278682472249856,0.9643380641937256,0.9866631329059601,0.0,0.39655172413793105,0.5277777777777778,0.12777777777777777,0.5862068965517241,0.6458333333333334,0.04583333333333339,0.7931034482758621,0.8576388888888888,0.057638888888888795,0.896551724137931,0.9236111111111112,0.023611111111111138
calibration_workflow,bci4_2a,8,augmentation,58,288,0.8913180360506321,0.8441385572983159,-0.047179478752316206,0.14820295066304714,0.15836789869222362,0.9668996036052704,0.9043940007686615,0.0,0.39655172413793105,0.2222222222222222,-0.1777777777777778,0.5862068965517241,0.3298611111111111,-0.2701388888888889,0.7931034482758621,0.6631944444444444,-0.13680555555555562,0.896551724137931,0.84375,-0.05625000000000002
calibration_workflow,bci4_2a,9,augmentation,56,264,0.6440860575863293,0.7583862994656418,0.11430024187931254,0.17931127840815841,0.17600056981812615,0.6326552331447601,0.7734527289867401,0.0,0.39285714285714285,0.6553030303030303,0.25530303030303025,0.5892857142857143,0.8295454545454546,0.2295454545454546,0.7857142857142857,0.9431818181818182,0.1431818181818182,0.8928571428571429,0.9659090909090909,0.06590909090909092
calibration_workflow,bci4_2a,1,baseline,58,288,0.8129939061814341,0.8253394661264287,0.012345559944994644,0.16163400964283325,0.16252678033962414,0.8602426052093506,0.868314266204834,0.0,0.39655172413793105,0.4166666666666667,0.016666666666666663,0.5862068965517241,0.5798611111111112,-0.020138888888888817,0.7931034482758621,0.7638888888888888,-0.036111111111111205,0.896551724137931,0.9375,0.03749999999999998
calibration_workflow_ea_neural_smoke,bci4_2a,1,baseline,58,288,0.6081826671444136,0.6101634389617376,0.001980771817324034,0.152239293149067,0.15467659054328933,0.6084839105606079,0.6316853165626526,0.0,0.39655172413793105,0.4340277777777778,0.03402777777777777,0.5862068965517241,0.5694444444444444,-0.030555555555555558,0.7931034482758621,0.7951388888888888,-0.004861111111111205,0.896551724137931,0.90625,0.006249999999999978
calibration_workflow_mdrm_t_smoke,bci4_2a,1,baseline,58,288,0.6081826671444136,0.6101634389617376,0.001980771817324034,0.152239293149067,0.15467659054328933,0.6084839105606079,0.6316853165626526,0.0,0.39655172413793105,0.4340277777777778,0.03402777777777777,0.5862068965517241,0.5694444444444444,-0.030555555555555558,0.7931034482758621,0.7951388888888888,-0.004861111111111205,0.896551724137931,0.90625,0.006249999999999978
calibration_workflow,bci4_2a,2,baseline,58,288,0.5515340659125098,0.5474295031486286,-0.004104562763881159,0.20063772569848168,0.14843520790430245,0.48787379264831543,0.5103502571582794,0.0,0.39655172413793105,0.3923611111111111,-0.007638888888888917,0.5862068965517241,0.7291666666666666,0.12916666666666665,0.7931034482758621,0.9479166666666666,0.14791666666666659,0.896551724137931,0.9791666666666666,0.07916666666666661
calibration_workflow,bci4_2a,3,baseline,58,288,0.9189456742385338,0.9287619756327735,0.009816301394239724,0.1399517039616976,0.12258601276000725,0.9843462109565735,0.9923690259456635,0.0,0.39655172413793105,0.4965277777777778,0.09652777777777777,0.5862068965517241,0.6388888888888888,0.03888888888888886,0.7931034482758621,0.7847222222222222,-0.015277777777777835,0.896551724137931,0.8784722222222222,-0.021527777777777812
calibration_workflow,bci4_2a,4,baseline,58,288,0.6421244576059538,0.6798716383054852,0.037747180699531424,0.1725734900477043,0.176070739137493,0.6173736155033112,0.6770359873771667,0.0,0.39655172413793105,0.4409722222222222,0.04097222222222219,0.5862068965517241,0.6840277777777778,0.08402777777777781,0.7931034482758621,0.8020833333333334,0.002083333333333326,0.896551724137931,0.8888888888888888,-0.011111111111111183
calibration_workflow,bci4_2a,5,baseline,58,288,0.6527953605199682,0.6112398524872131,-0.041555508032755095,0.16913365521342574,0.17086803954076285,0.6320582628250122,0.6070767343044281,0.0,0.39655172413793105,0.2881944444444444,-0.1118055555555556,0.5862068965517241,0.53125,-0.06874999999999998,0.7931034482758621,0.7534722222222222,-0.046527777777777835,0.896551724137931,0.7881944444444444,-0.1118055555555556
calibration_workflow,bci4_2a,6,baseline,58,288,0.6327644129251612,0.5953986869297094,-0.03736572599545174,0.1537138803970397,0.16097896770395753,0.6207453608512878,0.5592774450778961,0.0,0.39655172413793105,0.2708333333333333,-0.1291666666666667,0.5862068965517241,0.4479166666666667,-0.1520833333333333,0.7931034482758621,0.7048611111111112,-0.09513888888888888,0.896551724137931,0.8368055555555556,-0.06319444444444444
calibration_workflow,bci4_2a,7,baseline,58,288,0.8036952265377703,0.8368095298194222,0.03311430328165199,0.14974585817879682,0.15668540920677732,0.8139725923538208,0.8758396208286285,0.0,0.39655172413793105,0.5520833333333334,0.15208333333333335,0.5862068965517241,0.65625,0.05625000000000002,0.7931034482758621,0.8298611111111112,0.029861111111111116,0.896551724137931,0.8888888888888888,-0.011111111111111183
calibration_workflow,bci4_2a,8,baseline,58,288,0.8913180360506321,0.8441385572983159,-0.047179478752316206,0.14820295066304714,0.15836789869222362,0.9668996036052704,0.9043940007686615,0.0,0.39655172413793105,0.2222222222222222,-0.1777777777777778,0.5862068965517241,0.3298611111111111,-0.2701388888888889,0.7931034482758621,0.6631944444444444,-0.13680555555555562,0.896551724137931,0.84375,-0.05625000000000002
calibration_workflow,bci4_2a,9,baseline,56,264,0.6422448882034847,0.7382508222803925,0.09600593407690783,0.18686050127836665,0.17693516110919133,0.6132208108901978,0.7467091679573059,0.0,0.39285714285714285,0.553030303030303,0.15303030303030296,0.5892857142857143,0.8068181818181818,0.2068181818181818,0.7857142857142857,0.9166666666666666,0.11666666666666659,0.8928571428571429,0.9734848484848485,0.07348484848484849
calibration_workflow,bci4_2a,1,brier_loss,58,288,0.8118381839374016,0.8252913609354032,0.013453176998001637,0.16190429040777665,0.1618646781199946,0.8524765968322754,0.8725443184375763,0.0,0.39655172413793105,0.4166666666666667,0.016666666666666663,0.5862068965517241,0.5763888888888888,-0.023611111111111138,0.7931034482758621,0.7743055555555556,-0.025694444444444464,0.896551724137931,0.9444444444444444,0.0444444444444444
calibration_workflow,bci4_2a,2,brier_loss,58,288,0.5620302074942095,0.5462848614487383,-0.015745346045471176,0.20132900459274172,0.14914958457044883,0.49676093459129333,0.5041003525257111,0.0,0.39655172413793105,0.3715277777777778,-0.028472222222222232,0.5862068965517241,0.6527777777777778,0.05277777777777781,0.7931034482758621,0.9270833333333334,0.12708333333333333,0.896551724137931,0.9930555555555556,0.09305555555555556
calibration_workflow,bci4_2a,3,brier_loss,58,288,0.9191246824017887,0.928537079753975,0.009412397352186352,0.13932629045781092,0.12325020710540655,0.9840649366378784,0.9925647377967834,0.0,0.39655172413793105,0.4826388888888889,0.08263888888888887,0.5862068965517241,0.6458333333333334,0.04583333333333339,0.7931034482758621,0.7881944444444444,-0.011805555555555625,0.896551724137931,0.8854166666666666,-0.014583333333333393
calibration_workflow,bci4_2a,4,brier_loss,58,288,0.6442436899604469,0.6821017248762978,0.037858034915850935,0.1724425070721571,0.17638681905128709,0.6152981519699097,0.6774934828281403,0.0,0.39655172413793105,0.4652777777777778,0.06527777777777777,0.5862068965517241,0.6493055555555556,0.0493055555555556,0.7931034482758621,0.7951388888888888,-0.004861111111111205,0.896551724137931,0.8854166666666666,-0.014583333333333393
calibration_workflow,bci4_2a,5,brier_loss,58,288,0.6527953605199682,0.6112398524872131,-0.041555508032755095,0.16913365521342574,0.17086803954076285,0.6320582628250122,0.6070767343044281,0.0,0.39655172413793105,0.2881944444444444,-0.1118055555555556,0.5862068965517241,0.53125,-0.06874999999999998,0.7931034482758621,0.7534722222222222,-0.046527777777777835,0.896551724137931,0.7881944444444444,-0.1118055555555556
calibration_workflow,bci4_2a,6,brier_loss,58,288,0.6326977394778153,0.5955328667122457,-0.03716487276556957,0.1538544700828437,0.16096836888072738,0.6210600137710571,0.5587008893489838,0.0,0.39655172413793105,0.2777777777777778,-0.12222222222222223,0.5862068965517241,0.4479166666666667,-0.1520833333333333,0.7931034482758621,0.7048611111111112,-0.09513888888888888,0.896551724137931,0.8298611111111112,-0.07013888888888886
calibration_workflow,bci4_2a,7,brier_loss,58,288,0.8065321435188425,0.8366190603830748,0.03008691686423226,0.1455180797666928,0.15735864738573435,0.8098578751087189,0.8838199973106384,0.0,0.39655172413793105,0.5347222222222222,0.1347222222222222,0.5862068965517241,0.6458333333333334,0.04583333333333339,0.7931034482758621,0.7986111111111112,-0.001388888888888884,0.896551724137931,0.8645833333333334,-0.03541666666666665
calibration_workflow,bci4_2a,8,brier_loss,58,288,0.8921655611745243,0.8446217652203308,-0.047543795954193446,0.1471893157714889,0.15804219145655948,0.9682477712631226,0.903761476278305,0.0,0.39655172413793105,0.21875,-0.18125000000000002,0.5862068965517241,0.3333333333333333,-0.26666666666666666,0.7931034482758621,0.6631944444444444,-0.13680555555555562,0.896551724137931,0.8472222222222222,-0.05277777777777781
calibration_workflow,bci4_2a,9,brier_loss,56,264,0.6438862436584064,0.7391393015330489,0.09525305787464244,0.18644733197202806,0.1771429590848894,0.6208533644676208,0.7473268508911133,0.0,0.39285714285714285,0.5568181818181818,0.15681818181818175,0.5892857142857143,0.8106060606060606,0.21060606060606057,0.7857142857142857,0.9166666666666666,0.11666666666666659,0.8928571428571429,0.9734848484848485,0.07348484848484849
calibration_workflow,bci4_2a,1,calibration_checkpoint,58,288,0.8109770725513327,0.8270911210113101,0.016114048459977437,0.16195874037874725,0.16315288203609488,0.8519437611103058,0.8713849186897278,0.0,0.39655172413793105,0.4513888888888889,0.05138888888888887,0.5862068965517241,0.5972222222222222,-0.002777777777777768,0.7931034482758621,0.7777777777777778,-0.022222222222222254,0.896551724137931,0.90625,0.006249999999999978
calibration_workflow,bci4_2a,2,calibration_checkpoint,58,288,0.5109626995078449,0.5021165668343505,-0.008846132673494433,0.18234650360310029,0.14556023231828824,0.44195906817913055,0.4559962749481201,0.0,0.39655172413793105,0.3506944444444444,-0.0493055555555556,0.5862068965517241,0.71875,0.11875000000000002,0.7931034482758621,0.90625,0.10624999999999996,0.896551724137931,0.9340277777777778,0.03402777777777777
calibration_workflow,bci4_2a,3,calibration_checkpoint,58,288,0.9153965737285286,0.9150297352009349,-0.0003668385275936714,0.13381901352573017,0.1397936857148846,0.978677362203598,0.987463653087616,0.0,0.39655172413793105,0.4409722222222222,0.04097222222222219,0.5862068965517241,0.6493055555555556,0.0493055555555556,0.7931034482758621,0.78125,-0.018750000000000044,0.896551724137931,0.8645833333333334,-0.03541666666666665
calibration_workflow,bci4_2a,4,calibration_checkpoint,58,288,0.618482256757802,0.6454524738300178,0.026970217072215807,0.17396401235165182,0.1718618377392081,0.5733841061592102,0.6320698261260986,0.0,0.39655172413793105,0.4097222222222222,0.009722222222222188,0.5862068965517241,0.6597222222222222,0.05972222222222223,0.7931034482758621,0.8125,0.012499999999999956,0.896551724137931,0.9236111111111112,0.023611111111111138
calibration_workflow,bci4_2a,5,calibration_checkpoint,58,288,0.6522249933974497,0.5907421646018823,-0.061482828795567324,0.15967836642552063,0.16819835133934974,0.669921338558197,0.5665978193283081,0.0,0.39655172413793105,0.2847222222222222,-0.11527777777777781,0.5862068965517241,0.3993055555555556,-0.2006944444444444,0.7931034482758621,0.6493055555555556,-0.15069444444444446,0.896551724137931,0.6875,-0.21250000000000002
calibration_workflow,bci4_2a,6,calibration_checkpoint,58,288,0.6327644129251612,0.5953986869297094,-0.03736572599545174,0.1537138803970397,0.16097896770395753,0.6207453608512878,0.5592774450778961,0.0,0.39655172413793105,0.2708333333333333,-0.1291666666666667,0.5862068965517241,0.4479166666666667,-0.1520833333333333,0.7931034482758621,0.7048611111111112,-0.09513888888888888,0.896551724137931,0.8368055555555556,-0.06319444444444444
calibration_workflow,bci4_2a,7,calibration_checkpoint,58,288,0.7928605696250652,0.8201813216631612,0.02732075203809592,0.16109291176556065,0.1614199604241256,0.8118665814399719,0.8474055826663971,0.0,0.39655172413793105,0.5069444444444444,0.1069444444444444,0.5862068965517241,0.6284722222222222,0.028472222222222232,0.7931034482758621,0.8506944444444444,0.050694444444444375,0.896551724137931,0.9166666666666666,0.016666666666666607
calibration_workflow,bci4_2a,8,calibration_checkpoint,58,288,0.8913180360506321,0.8441385572983159,-0.047179478752316206,0.14820295066304714,0.15836789869222362,0.9668996036052704,0.9043940007686615,0.0,0.39655172413793105,0.2222222222222222,-0.1777777777777778,0.5862068965517241,0.3298611111111111,-0.2701388888888889,0.7931034482758621,0.6631944444444444,-0.13680555555555562,0.896551724137931,0.84375,-0.05625000000000002
calibration_workflow,bci4_2a,9,calibration_checkpoint,56,264,0.6203065695507186,0.723524648470409,0.10321807891969037,0.1759718720423458,0.17228385499699808,0.598114013671875,0.7388235330581665,0.0,0.39285714285714285,0.5454545454545454,0.1454545454545454,0.5892857142857143,0.7575757575757576,0.1575757575757576,0.7857142857142857,0.9545454545454546,0.15454545454545454,0.8928571428571429,0.9772727272727273,0.07727272727272727
calibration_workflow,bci4_2a,1,calibration_grid,58,288,0.8044248490497984,0.8231253578431077,0.01870050879330931,0.14602045086567467,0.15508139020128117,0.8284865021705627,0.8679245114326477,0.0,0.39655172413793105,0.4618055555555556,0.06180555555555556,0.5862068965517241,0.6631944444444444,0.06319444444444444,0.7931034482758621,0.7847222222222222,-0.015277777777777835,0.896551724137931,0.8506944444444444,-0.0493055555555556
calibration_workflow,bci4_2a,2,calibration_grid,58,288,0.5487178363676729,0.5485187926226192,-0.00019904374505375078,0.1937654991659522,0.16799275263271723,0.47095683217048645,0.48379622399806976,0.0,0.39655172413793105,0.3333333333333333,-0.06666666666666671,0.5862068965517241,0.6666666666666666,0.06666666666666665,0.7931034482758621,0.8993055555555556,0.09930555555555554,0.896551724137931,0.9513888888888888,0.05138888888888882
calibration_workflow,bci4_2a,3,calibration_grid,58,288,0.8946349790384029,0.8841842708902227,-0.010450708148180277,0.1253422151353528,0.1506052299825186,0.9438280165195465,0.9664444625377655,0.0,0.39655172413793105,0.46875,0.06874999999999998,0.5862068965517241,0.6076388888888888,0.007638888888888862,0.7931034482758621,0.7569444444444444,-0.043055555555555625,0.896551724137931,0.8159722222222222,-0.08402777777777781
calibration_workflow,bci4_2a,4,calibration_grid,58,288,0.6320901996102827,0.6666090838197205,0.03451888420943783,0.1873234773791309,0.1751880687043094,0.6209826469421387,0.6486620008945465,0.0,0.39655172413793105,0.4513888888888889,0.05138888888888887,0.5862068965517241,0.6805555555555556,0.0805555555555556,0.7931034482758621,0.8819444444444444,0.08194444444444438,0.896551724137931,0.9340277777777778,0.03402777777777777
calibration_workflow,bci4_2a,5,calibration_grid,58,288,0.6672510427647623,0.6270291676951779,-0.04022187506958441,0.18596627598241966,0.201225940055783,0.6010963320732117,0.5830697119235992,0.0,0.39655172413793105,0.3541666666666667,-0.04583333333333334,0.5862068965517241,0.5069444444444444,-0.09305555555555556,0.7931034482758621,0.6944444444444444,-0.10555555555555562,0.896551724137931,0.7673611111111112,-0.13263888888888886
calibration_workflow,bci4_2a,6,calibration_grid,58,288,0.6327644129251612,0.5953986869297094,-0.03736572599545174,0.1537138803970397,0.16097896770395753,0.6207453608512878,0.5592774450778961,0.0,0.39655172413793105,0.2708333333333333,-0.1291666666666667,0.5862068965517241,0.4479166666666667,-0.1520833333333333,0.7931034482758621,0.7048611111111112,-0.09513888888888888,0.896551724137931,0.8368055555555556,-0.06319444444444444
calibration_workflow,bci4_2a,7,calibration_grid,58,288,0.8036952265377703,0.8368095298194222,0.03311430328165199,0.14974585817879682,0.15668540920677732,0.8139725923538208,0.8758396208286285,0.0,0.39655172413793105,0.5520833333333334,0.15208333333333335,0.5862068965517241,0.65625,0.05625000000000002,0.7931034482758621,0.8298611111111112,0.029861111111111116,0.896551724137931,0.8888888888888888,-0.011111111111111183
calibration_workflow,bci4_2a,8,calibration_grid,58,288,0.850693706294586,0.7958110046262542,-0.05488270166833176,0.16157709810303908,0.16764840028333192,0.917136162519455,0.8296485245227814,0.0,0.39655172413793105,0.2465277777777778,-0.15347222222222223,0.5862068965517241,0.4444444444444444,-0.15555555555555556,0.7931034482758621,0.7118055555555556,-0.08819444444444446,0.896551724137931,0.8402777777777778,-0.05972222222222223
calibration_workflow,bci4_2a,9,calibration_grid,56,264,0.6042707147342818,0.6954018950010791,0.09113118026679723,0.18504787264780795,0.19662809434552025,0.5800063014030457,0.6811032295227051,0.0,0.39285714285714285,0.5151515151515151,0.11515151515151512,0.5892857142857143,0.7613636363636364,0.16136363636363638,0.7857142857142857,0.9204545454545454,0.12045454545454537,0.8928571428571429,0.9393939393939394,0.039393939393939426
calibration_workflow,bci4_2a,1,crop_aggregation,58,288,0.8207788914442062,0.8214133777138259,0.0006344862696197051,0.1520147458163589,0.16591279438959383,0.8541983067989349,0.8685730397701263,0.0,0.39655172413793105,0.4305555555555556,0.030555555555555558,0.5862068965517241,0.5729166666666666,-0.027083333333333348,0.7931034482758621,0.7534722222222222,-0.046527777777777835,0.896551724137931,0.8923611111111112,-0.007638888888888862
calibration_workflow,bci4_2a,2,crop_aggregation,58,288,0.5522792144068356,0.5455079561927252,-0.006771258214110398,0.20390481891860698,0.1514503017814074,0.47705474495887756,0.5016311705112457,0.0,0.39655172413793105,0.4444444444444444,0.0444444444444444,0.5862068965517241,0.625,0.025000000000000022,0.7931034482758621,0.9409722222222222,0.14097222222222217,0.896551724137931,1.0,0.09999999999999998
calibration_workflow,bci4_2a,3,crop_aggregation,58,288,0.9199457795455538,0.928881556313071,0.008935776767517223,0.13341250334785165,0.12237396084732681,0.982597827911377,0.9901912808418274,0.0,0.39655172413793105,0.5069444444444444,0.1069444444444444,0.5862068965517241,0.6145833333333334,0.014583333333333393,0.7931034482758621,0.7951388888888888,-0.004861111111111205,0.896551724137931,0.8888888888888888,-0.011111111111111183
calibration_workflow,bci4_2a,4,crop_aggregation,58,288,0.6480725767283604,0.689355831179354,0.04128325445099357,0.1768574300807622,0.17658009972483965,0.6329426765441895,0.6939823031425476,0.0,0.39655172413793105,0.4444444444444444,0.0444444444444444,0.5862068965517241,0.6875,0.08750000000000002,0.7931034482758621,0.8263888888888888,0.026388888888888795,0.896551724137931,0.8958333333333334,-0.004166666666666652
calibration_workflow,bci4_2a,5,crop_aggregation,58,288,0.6527953605199682,0.6112398524872131,-0.041555508032755095,0.16913365521342574,0.17086803954076285,0.6320582628250122,0.6070767343044281,0.0,0.39655172413793105,0.2881944444444444,-0.1118055555555556,0.5862068965517241,0.53125,-0.06874999999999998,0.7931034482758621,0.7534722222222222,-0.046527777777777835,0.896551724137931,0.7881944444444444,-0.1118055555555556
calibration_workflow,bci4_2a,6,crop_aggregation,58,288,0.6491323241899754,0.6052826729913553,-0.043849651198620054,0.14803400195946564,0.16003434518079307,0.6295784413814545,0.5893831551074982,0.0,0.39655172413793105,0.2604166666666667,-0.13958333333333334,0.5862068965517241,0.46875,-0.13124999999999998,0.7931034482758621,0.6527777777777778,-0.14722222222222225,0.896551724137931,0.8125,-0.08750000000000002
calibration_workflow,bci4_2a,7,crop_aggregation,58,288,0.8036952265377703,0.8368095298194222,0.03311430328165199,0.14974585817879682,0.15668540920677732,0.8139725923538208,0.8758396208286285,0.0,0.39655172413793105,0.5520833333333334,0.15208333333333335,0.5862068965517241,0.65625,0.05625000000000002,0.7931034482758621,0.8298611111111112,0.029861111111111116,0.896551724137931,0.8888888888888888,-0.011111111111111183
calibration_workflow,bci4_2a,8,crop_aggregation,58,288,0.8923737555742264,0.8512834397455057,-0.04109031582872069,0.1503069354608068,0.15387753535674287,0.9700478911399841,0.9108045399188995,0.0,0.39655172413793105,0.22569444444444445,-0.17430555555555557,0.5862068965517241,0.3645833333333333,-0.23541666666666666,0.7931034482758621,0.6944444444444444,-0.10555555555555562,0.896551724137931,0.8541666666666666,-0.04583333333333339
calibration_workflow,bci4_2a,9,crop_aggregation,56,264,0.6397645212709904,0.7257458831776272,0.08598136190663686,0.19261917645180895,0.17752354535677392,0.6110568046569824,0.7239461541175842,0.0,0.39285714285714285,0.4431818181818182,0.043181818181818155,0.5892857142857143,0.8409090909090909,0.24090909090909096,0.7857142857142857,0.928030303030303,0.12803030303030294,0.8928571428571429,0.9696969696969697,0.0696969696969697
calibration_workflow_ea_neural_smoke,bci4_2a,1,ea_seed_ensemble,58,288,0.6213831243843868,0.6216714669846826,0.00028834260029575454,0.15175842680476367,0.15650766431823576,0.635428786277771,0.645455539226532,0.0,0.39655172413793105,0.4513888888888889,0.05138888888888887,0.5862068965517241,0.5347222222222222,-0.06527777777777777,0.7931034482758621,0.75,-0.050000000000000044,0.896551724137931,0.90625,0.006249999999999978
calibration_workflow_mdrm_t_smoke,bci4_2a,1,mdrm_t_ea,58,288,0.7259623367210915,0.48628371281342375,-0.2396786239076677,0.1281134026361733,0.08557093522676563,0.7520133554935455,0.4878760725259781,0.0,0.39655172413793105,0.0,-0.4,0.5862068965517241,0.006944444444444444,-0.5930555555555556,0.7931034482758621,0.13541666666666666,-0.6645833333333334,0.896551724137931,0.2326388888888889,-0.6673611111111111
calibration_workflow,bci4_2a,1,seed_ensemble,58,288,0.8625126388566248,0.8929068627249863,0.030394223868361547,0.1428892979983727,0.13951611901301958,0.919596940279007,0.9582706093788147,0.0,0.39655172413793105,0.4895833333333333,0.08958333333333329,0.5862068965517241,0.71875,0.11875000000000002,0.7931034482758621,0.8229166666666666,0.022916666666666585,0.896551724137931,0.90625,0.006249999999999978
calibration_workflow,bci4_2a,2,seed_ensemble,58,288,0.5759523824371141,0.6009644608323773,0.025012078395263204,0.20725296886310396,0.20301779578782683,0.4865817129611969,0.5559014081954956,0.0,0.39655172413793105,0.5034722222222222,0.10347222222222219,0.5862068965517241,0.6493055555555556,0.0493055555555556,0.7931034482758621,0.7951388888888888,-0.004861111111111205,0.896551724137931,0.8611111111111112,-0.03888888888888886
calibration_workflow,bci4_2a,3,seed_ensemble,58,288,0.916442601331349,0.9318663330955638,0.015423731764214743,0.14324403520818646,0.12144806523149054,0.9810808002948761,0.9915650188922882,0.0,0.39655172413793105,0.4861111111111111,0.08611111111111108,0.5862068965517241,0.6423611111111112,0.04236111111111118,0.7931034482758621,0.78125,-0.018750000000000044,0.896551724137931,0.9375,0.03749999999999998
calibration_workflow,bci4_2a,4,seed_ensemble,58,288,0.6492890345639196,0.6839991699283322,0.034710135364412587,0.17668487173926625,0.17178758491720472,0.6122389137744904,0.6755044460296631,0.0,0.39655172413793105,0.4583333333333333,0.05833333333333329,0.5862068965517241,0.7430555555555556,0.1430555555555556,0.7931034482758621,0.8263888888888888,0.026388888888888795,0.896551724137931,0.8715277777777778,-0.028472222222222232
calibration_workflow,bci4_2a,5,seed_ensemble,58,288,0.6593043536975466,0.6045687123098307,-0.054735641387715916,0.17016569169185625,0.16609623141460408,0.6751462519168854,0.5792003273963928,0.0,0.39655172413793105,0.22916666666666666,-0.17083333333333336,0.5862068965517241,0.4826388888888889,-0.11736111111111108,0.7931034482758621,0.6979166666666666,-0.10208333333333341,0.896551724137931,0.7743055555555556,-0.12569444444444444
calibration_workflow,bci4_2a,6,seed_ensemble,58,288,0.6363209686402617,0.5968095181095932,-0.03951145053066851,0.14564606203397945,0.16481994999561844,0.6147410273551941,0.5655322670936584,0.0,0.39655172413793105,0.3159722222222222,-0.08402777777777781,0.5862068965517241,0.4722222222222222,-0.12777777777777777,0.7931034482758621,0.5798611111111112,-0.22013888888888888,0.896551724137931,0.8194444444444444,-0.0805555555555556
calibration_workflow,bci4_2a,7,seed_ensemble,58,288,0.8290327078309553,0.8684844259793559,0.03945171814840065,0.1633699200294613,0.1553468733584268,0.8771469593048096,0.9354481101036072,0.0,0.39655172413793105,0.5104166666666666,0.11041666666666661,0.5862068965517241,0.7048611111111112,0.10486111111111118,0.7931034482758621,0.8506944444444444,0.050694444444444375,0.896551724137931,0.9166666666666666,0.016666666666666607
calibration_workflow,bci4_2a,8,seed_ensemble,58,288,0.9074371693463161,0.8677288450093733,-0.039708324336942824,0.13150218714656922,0.14891352540807146,0.9819589853286743,0.9340006709098816,0.0,0.39655172413793105,0.2152777777777778,-0.18472222222222223,0.5862068965517241,0.3680555555555556,-0.2319444444444444,0.7931034482758621,0.6805555555555556,-0.11944444444444446,0.896551724137931,0.8541666666666666,-0.04583333333333339
calibration_workflow,bci4_2a,9,seed_ensemble,56,264,0.663665630455528,0.7683260737720764,0.10466044331654845,0.1811406810988972,0.16933564547998398,0.6948277056217194,0.7863688468933105,0.0,0.39285714285714285,0.5909090909090909,0.19090909090909092,0.5892857142857143,0.7916666666666666,0.19166666666666665,0.7857142857142857,0.9318181818181818,0.13181818181818172,0.8928571428571429,0.9734848484848485,0.07348484848484849
calibration_workflow,bci4_2a,1,stronger_teacher,58,288,0.8395896302214985,0.8678447765608629,0.028255146339364434,0.17696494062931403,0.15144692816334565,0.9276279807090759,0.9480944871902466,0.0,0.39655172413793105,0.4409722222222222,0.04097222222222219,0.5862068965517241,0.625,0.025000000000000022,0.7931034482758621,0.78125,-0.018750000000000044,0.896551724137931,0.9652777777777778,0.06527777777777777
calibration_workflow,bci4_2a,2,stronger_teacher,58,288,0.56314985865149,0.3187782885506749,-0.24437157010081512,0.1800062285330933,0.04290970197278257,0.5146526992321014,0.30656322836875916,0.0,0.39655172413793105,0.0,-0.4,0.5862068965517241,0.0,-0.6,0.7931034482758621,0.05555555555555555,-0.7444444444444445,0.896551724137931,0.17708333333333334,-0.7229166666666667
calibration_workflow,bci4_2a,3,stronger_teacher,58,288,0.8514777185588047,0.6124182233793868,-0.23905949517941794,0.15889550817441273,0.16289656820984205,0.9116299152374268,0.5836944878101349,0.0,0.39655172413793105,0.0,-0.4,0.5862068965517241,0.09375,-0.50625,0.7931034482758621,0.1840277777777778,-0.6159722222222223,0.896551724137931,0.4618055555555556,-0.43819444444444444
calibration_workflow,bci4_2a,4,stronger_teacher,58,288,0.34418115790548,0.38847401996867525,0.04429286206319527,0.0375156753062017,0.023424918688339222,0.33590833842754364,0.38586875796318054,0.0,0.39655172413793105,0.9965277777777778,0.5965277777777778,0.5862068965517241,1.0,0.4,0.7931034482758621,1.0,0.19999999999999996,0.896551724137931,1.0,0.09999999999999998
calibration_workflow,bci4_2a,5,stronger_teacher,58,288,0.29975431489533394,0.4156811634699504,0.11592684857461644,0.027124402293213022,0.010524926748152499,0.2972579300403595,0.4163428246974945,0.0,0.39655172413793105,1.0,0.6,0.5862068965517241,1.0,0.4,0.7931034482758621,1.0,0.19999999999999996,0.896551724137931,1.0,0.09999999999999998
calibration_workflow,bci4_2a,6,stronger_teacher,58,288,0.32338718350591333,0.3381669393016232,0.014779755795709892,0.0324864032694708,0.04546553546239029,0.3197173923254013,0.33189745247364044,0.0,0.39655172413793105,0.4722222222222222,0.07222222222222219,0.5862068965517241,0.6215277777777778,0.021527777777777812,0.7931034482758621,0.8090277777777778,0.009027777777777746,0.896551724137931,0.9166666666666666,0.016666666666666607
calibration_workflow,bci4_2a,7,stronger_teacher,58,288,0.8368145695020413,0.8484468122737275,0.011632242771686285,0.17368538149118584,0.16716919447358206,0.9190591275691986,0.914345383644104,0.0,0.39655172413793105,0.4097222222222222,0.009722222222222188,0.5862068965517241,0.5416666666666666,-0.05833333333333335,0.7931034482758621,0.8333333333333334,0.033333333333333326,0.896551724137931,0.9027777777777778,0.002777777777777768
calibration_workflow,bci4_2a,8,stronger_teacher,58,288,0.8955124400813004,0.8809906171841754,-0.014521822897125003,0.15033657023195482,0.158659436641047,0.9657213985919952,0.9715920090675354,0.0,0.39655172413793105,0.3368055555555556,-0.06319444444444444,0.5862068965517241,0.5381944444444444,-0.06180555555555556,0.7931034482758621,0.7465277777777778,-0.053472222222222254,0.896551724137931,0.8402777777777778,-0.05972222222222223
calibration_workflow,bci4_2a,9,stronger_teacher,56,264,0.5318178789956229,0.34500120546330104,-0.1868166735323219,0.15904913788093866,0.04819064154683262,0.4907827377319336,0.3335515558719635,0.0,0.39285714285714285,0.0,-0.4,0.5892857142857143,0.04924242424242424,-0.5507575757575758,0.7857142857142857,0.1553030303030303,-0.6446969696969698,0.8928571428571429,0.20454545454545456,-0.6954545454545454
calibration_workflow,bci4_2a,1,swa_ema,58,288,0.8121540423097282,0.8239807558970319,0.011826713587303694,0.15264240726769138,0.16304669729946564,0.8328835666179657,0.8742459416389465,0.0,0.39655172413793105,0.4861111111111111,0.08611111111111108,0.5862068965517241,0.5763888888888888,-0.023611111111111138,0.7931034482758621,0.7708333333333334,-0.029166666666666674,0.896551724137931,0.9097222222222222,0.009722222222222188
calibration_workflow,bci4_2a,2,swa_ema,58,288,0.5515340659125098,0.5474295031486286,-0.004104562763881159,0.20063772569848168,0.14843520790430245,0.48787379264831543,0.5103502571582794,0.0,0.39655172413793105,0.3923611111111111,-0.007638888888888917,0.5862068965517241,0.7291666666666666,0.12916666666666665,0.7931034482758621,0.9479166666666666,0.14791666666666659,0.896551724137931,0.9791666666666666,0.07916666666666661
calibration_workflow,bci4_2a,3,swa_ema,58,288,0.9147215300592882,0.9150522684471475,0.0003307383878592418,0.13064858972634427,0.13798129890697644,0.9813351333141327,0.9900826215744019,0.0,0.39655172413793105,0.4791666666666667,0.07916666666666666,0.5862068965517241,0.6284722222222222,0.028472222222222232,0.7931034482758621,0.7777777777777778,-0.022222222222222254,0.896551724137931,0.8888888888888888,-0.011111111111111183
calibration_workflow,bci4_2a,4,swa_ema,58,288,0.6260269803219828,0.6484294437492887,0.022402463427305896,0.18045219933964227,0.16880433354563626,0.600946843624115,0.647159606218338,0.0,0.39655172413793105,0.375,-0.025000000000000022,0.5862068965517241,0.625,0.025000000000000022,0.7931034482758621,0.84375,0.043749999999999956,0.896551724137931,0.9548611111111112,0.05486111111111114
calibration_workflow,bci4_2a,5,swa_ema,58,288,0.6520450485163721,0.610388689674437,-0.04165635884193508,0.17043478296159065,0.1727610096771384,0.6280953884124756,0.5951139628887177,0.0,0.39655172413793105,0.3298611111111111,-0.07013888888888892,0.5862068965517241,0.4895833333333333,-0.11041666666666666,0.7931034482758621,0.6909722222222222,-0.10902777777777783,0.896551724137931,0.7986111111111112,-0.10138888888888886
calibration_workflow,bci4_2a,6,swa_ema,58,288,0.6180110686811907,0.5884064961638715,-0.029604572517319183,0.15126118600882227,0.15758173186703742,0.608398050069809,0.5600633323192596,0.0,0.39655172413793105,0.3506944444444444,-0.0493055555555556,0.5862068965517241,0.4409722222222222,-0.15902777777777777,0.7931034482758621,0.6493055555555556,-0.15069444444444446,0.896551724137931,0.8611111111111112,-0.03888888888888886
calibration_workflow,bci4_2a,7,swa_ema,58,288,0.7858409280407017,0.8187232052700387,0.03288227722933701,0.15415896701164408,0.16092543958048486,0.800218015909195,0.8505082726478577,0.0,0.39655172413793105,0.53125,0.13124999999999998,0.5862068965517241,0.6527777777777778,0.05277777777777781,0.7931034482758621,0.8263888888888888,0.026388888888888795,0.896551724137931,0.8784722222222222,-0.021527777777777812
calibration_workflow,bci4_2a,8,swa_ema,58,288,0.8859022876311993,0.8438285382257568,-0.042073749405442507,0.1551308027332994,0.1595143718389292,0.9653037786483765,0.9066331684589386,0.0,0.39655172413793105,0.22569444444444445,-0.17430555555555557,0.5862068965517241,0.34375,-0.25625,0.7931034482758621,0.7048611111111112,-0.09513888888888888,0.896551724137931,0.8854166666666666,-0.014583333333333393
calibration_workflow,bci4_2a,9,swa_ema,56,264,0.6143617475671428,0.7136538638309999,0.09929211626385714,0.1851999271849024,0.17896554115718352,0.5937825441360474,0.7163141965866089,0.0,0.39285714285714285,0.6212121212121212,0.2212121212121212,0.5892857142857143,0.7916666666666666,0.19166666666666665,0.7857142857142857,0.9015151515151515,0.10151515151515145,0.8928571428571429,0.9848484848484849,0.08484848484848484
calibration_workflow,bci4_2a,1,teacher_student_mixture,58,288,0.7837365398119236,0.7985317233122058,0.014795183500282194,0.1640367293169618,0.16035530973118378,0.8216803073883057,0.808914065361023,0.0,0.39655172413793105,0.4375,0.03749999999999998,0.5862068965517241,0.5277777777777778,-0.07222222222222219,0.7931034482758621,0.8194444444444444,0.019444444444444375,0.896551724137931,0.90625,0.006249999999999978
calibration_workflow,bci4_2a,2,teacher_student_mixture,58,288,0.5251706895129434,0.408799870353606,-0.11637081915933745,0.1844962477680704,0.09220388538610544,0.44262905418872833,0.3838501125574112,0.0,0.39655172413793105,0.18055555555555555,-0.21944444444444447,0.5862068965517241,0.2777777777777778,-0.3222222222222222,0.7931034482758621,0.4375,-0.36250000000000004,0.896551724137931,0.6006944444444444,-0.2993055555555556
calibration_workflow,bci4_2a,3,teacher_student_mixture,58,288,0.8983675277438657,0.8127368123581012,-0.0856307153857645,0.13571489425006814,0.1040833376634861,0.9590424001216888,0.8236831724643707,0.0,0.39655172413793105,0.034722222222222224,-0.3652777777777778,0.5862068965517241,0.0763888888888889,-0.523611111111111,0.7931034482758621,0.3958333333333333,-0.40416666666666673,0.896551724137931,0.8923611111111112,-0.007638888888888862
calibration_workflow,bci4_2a,4,teacher_student_mixture,58,288,0.6421244576059538,0.6798716383054852,0.037747180699531424,0.1725734900477043,0.176070739137493,0.6173736155033112,0.6770359873771667,0.0,0.39655172413793105,0.4409722222222222,0.04097222222222219,0.5862068965517241,0.6840277777777778,0.08402777777777781,0.7931034482758621,0.8020833333333334,0.002083333333333326,0.896551724137931,0.8888888888888888,-0.011111111111111183
calibration_workflow,bci4_2a,5,teacher_student_mixture,58,288,0.6332289787202046,0.5944825254587663,-0.03874645326143822,0.16104696646217784,0.16355003071827703,0.6121619343757629,0.5884841978549957,0.0,0.39655172413793105,0.2881944444444444,-0.1118055555555556,0.5862068965517241,0.53125,-0.06874999999999998,0.7931034482758621,0.7569444444444444,-0.043055555555555625,0.896551724137931,0.7777777777777778,-0.12222222222222223
calibration_workflow,bci4_2a,6,teacher_student_mixture,58,288,0.6156945809208113,0.5790044776060514,-0.03669010331475986,0.14677343021149072,0.15406394034936907,0.6013813018798828,0.5435615181922913,0.0,0.39655172413793105,0.2743055555555556,-0.12569444444444444,0.5862068965517241,0.4444444444444444,-0.15555555555555556,0.7931034482758621,0.7013888888888888,-0.0986111111111112,0.896551724137931,0.8298611111111112,-0.07013888888888886
calibration_workflow,bci4_2a,7,teacher_student_mixture,58,288,0.7667677155856428,0.7783088970722424,0.01154118148659955,0.15917178824751438,0.17089672726828595,0.7968349158763885,0.78143110871315,0.0,0.39655172413793105,0.4305555555555556,0.030555555555555558,0.5862068965517241,0.5625,-0.03749999999999998,0.7931034482758621,0.7986111111111112,-0.001388888888888884,0.896551724137931,0.8611111111111112,-0.03888888888888886
calibration_workflow,bci4_2a,8,teacher_student_mixture,58,288,0.8535610694309761,0.7453656875424914,-0.10819538188848465,0.17727855003856524,0.18118652766456048,0.9359532594680786,0.7284090220928192,0.0,0.39655172413793105,0.10416666666666667,-0.29583333333333334,0.5862068965517241,0.3159722222222222,-0.28402777777777777,0.7931034482758621,0.5451388888888888,-0.2548611111111112,0.896551724137931,0.7222222222222222,-0.1777777777777778
calibration_workflow,bci4_2a,9,teacher_student_mixture,56,264,0.6236372009984085,0.6981022020406795,0.07446500104227105,0.17787465280976153,0.16262726696046087,0.5952883064746857,0.7082343995571136,0.0,0.39285714285714285,0.45075757575757575,0.050757575757575724,0.5892857142857143,0.7916666666666666,0.19166666666666665,0.7857142857142857,0.9053030303030303,0.10530303030303023,0.8928571428571429,0.9583333333333334,0.05833333333333335
calibration_workflow_bci_iiia,bci_iiia,k3b,augmentation,24,63,0.980327362815539,0.9728819283228072,-0.007445434492731828,0.08731761577045011,0.08108855217851543,1.0,0.9999999403953552,0.0,0.5416666666666666,0.49206349206349204,0.09206349206349201,0.625,0.5555555555555556,-0.0444444444444444,0.7916666666666666,0.7142857142857143,-0.08571428571428574,0.875,0.8095238095238095,-0.09047619047619049
calibration_workflow_bci_iiia,bci_iiia,k6b,augmentation,16,42,0.5798301305621862,0.6226397724378676,0.04280964187568137,0.1755202637648123,0.21297726854771304,0.5210614502429962,0.5322136878967285,0.0,0.375,0.40476190476190477,0.004761904761904745,0.5625,0.5714285714285714,-0.02857142857142858,0.75,0.6428571428571429,-0.15714285714285714,0.875,0.8333333333333334,-0.06666666666666665
calibration_workflow_bci_iiia,bci_iiia,l1b,augmentation,16,42,0.6414843704551458,0.5771850063687279,-0.0642993640864179,0.15778801452045985,0.14199292344207143,0.6273225247859955,0.5509731471538544,0.0,0.375,0.11904761904761904,-0.28095238095238095,0.5625,0.3333333333333333,-0.26666666666666666,0.75,0.6666666666666666,-0.13333333333333341,0.875,0.8095238095238095,-0.09047619047619049
calibration_workflow_bci_iiia,bci_iiia,k3b,baseline,24,63,0.9683861037095388,0.9205073198628804,-0.047878783846658446,0.06053027381083376,0.14486673540084968,0.9957827925682068,0.9946445226669312,0.0,0.375,0.30158730158730157,-0.09841269841269845,0.5833333333333334,0.5079365079365079,-0.09206349206349207,0.7916666666666666,0.6507936507936508,-0.14920634920634923,0.875,0.746031746031746,-0.15396825396825398
calibration_workflow_bci_iiia,bci_iiia,k6b,baseline,16,42,0.49080161191523075,0.5207914177860532,0.02998980587082245,0.17248389638249728,0.18830397933581067,0.43636108934879303,0.4467797577381134,0.0,0.375,0.47619047619047616,0.07619047619047614,0.5625,0.5238095238095238,-0.07619047619047614,0.75,0.7142857142857143,-0.08571428571428574,0.875,0.9523809523809523,0.052380952380952306
calibration_workflow_bci_iiia,bci_iiia,l1b,baseline,16,42,0.6176669355481863,0.6238814003410793,0.006214464792893004,0.18025659298656285,0.16477798618932296,0.5838766396045685,0.6026738286018372,0.0,0.375,0.38095238095238093,-0.01904761904761909,0.5625,0.6190476190476191,0.01904761904761909,0.75,0.8571428571428571,0.05714285714285705,0.875,0.8571428571428571,-0.04285714285714293
calibration_workflow_bci_iiia,bci_iiia,k3b,seed_ensemble,24,63,0.9793676808476448,0.9514819203861176,-0.027885760461527243,0.06538963465900371,0.10522991042979597,0.9997862279415131,0.999627411365509,0.0,0.375,0.30158730158730157,-0.09841269841269845,0.5833333333333334,0.47619047619047616,-0.12380952380952381,0.7916666666666666,0.6190476190476191,-0.18095238095238098,0.875,0.7619047619047619,-0.13809523809523816
calibration_workflow_bci_iiia,bci_iiia,k6b,seed_ensemble,16,42,0.48119366727769375,0.530912961988222,0.04971929471052827,0.17617143714398348,0.20359066736796078,0.4151739329099655,0.453712597489357,0.0,0.375,0.5238095238095238,0.12380952380952381,0.5625,0.5714285714285714,-0.02857142857142858,0.75,0.7619047619047619,-0.03809523809523818,0.875,0.9523809523809523,0.052380952380952306
calibration_workflow_bci_iiia,bci_iiia,l1b,seed_ensemble,16,42,0.6461870279163122,0.6341505568651926,-0.012036471051119602,0.1658203227349234,0.16101874826649618,0.6083418130874634,0.6177274882793427,0.0,0.375,0.35714285714285715,-0.04285714285714287,0.5625,0.5238095238095238,-0.07619047619047614,0.75,0.7619047619047619,-0.03809523809523818,0.875,0.8571428571428571,-0.04285714285714293
calibration_workflow_bci_iiia,bci_iiia,k3b,teacher_student_mixture,24,63,0.9602472111582756,0.9141104538289327,-0.04613675732934286,0.0630278036532436,0.1451882522845076,0.9896116852760315,0.9862722754478455,0.0,0.375,0.3492063492063492,-0.050793650793650835,0.5833333333333334,0.4603174603174603,-0.13968253968253969,0.7916666666666666,0.6825396825396826,-0.11746031746031749,0.875,0.7619047619047619,-0.13809523809523816
calibration_workflow_bci_iiia,bci_iiia,k6b,teacher_student_mixture,16,42,0.5369833502918482,0.5791145187048685,0.04213116841302034,0.17745035352111369,0.18054639930340513,0.4907216280698776,0.5504962801933289,0.0,0.375,0.40476190476190477,0.004761904761904745,0.5625,0.6666666666666666,0.06666666666666665,0.75,0.8571428571428571,0.05714285714285705,0.875,0.9047619047619048,0.004761904761904745
calibration_workflow_bci_iiia,bci_iiia,l1b,teacher_student_mixture,16,42,0.5576215125620365,0.5851976055474508,0.027576092985414302,0.15792811740428186,0.14974987469039613,0.5120627284049988,0.5972298383712769,0.0,0.375,0.5238095238095238,0.12380952380952381,0.5625,0.7380952380952381,0.13809523809523816,0.75,0.7857142857142857,-0.014285714285714346,0.875,0.8571428571428571,-0.04285714285714293
