dataset,target_coverage,method,method_label,reference_method,n_subjects,mean_delta_selective_accuracy,median_delta_selective_accuracy,wilcoxon_p_selective_accuracy,wins_selective_accuracy,ties_selective_accuracy,losses_selective_accuracy,mean_delta_risk,median_delta_risk,wilcoxon_p_risk,eval_labels_used_for_threshold
BCI IIIa,0.4,augmentation,Augmentation,baseline,3,0.07205882352941177,0.0911764705882353,0.5,2,1,0,-0.07205882352941177,-0.09117647058823529,0.5,False
BCI IIIa,0.4,seed_ensemble,Seed ensemble,baseline,3,0.046212121212121225,0.013636363636363669,0.5,2,1,0,-0.04621212121212121,-0.013636363636363641,0.5,False
BCI IIIa,0.4,teacher_student_mixture,Teacher/student,baseline,3,0.046212121212121225,0.0,1.0,1,1,1,-0.04621212121212121,0.0,1.0,False
BCI IIIa,0.4,validation_selected_portfolio,Portfolio,baseline,3,0.07205882352941177,0.0911764705882353,0.5,2,1,0,-0.07205882352941177,-0.09117647058823529,0.5,False
BCI IIIa,0.4,augmentation,Augmentation,seed_ensemble,3,0.025846702317290544,0.0,1.0,1,2,0,-0.02584670231729055,0.0,1.0,False
BCI IIIa,0.4,baseline,Baseline,seed_ensemble,3,-0.046212121212121225,-0.013636363636363669,0.5,0,1,2,0.04621212121212121,0.013636363636363641,0.5,False
BCI IIIa,0.4,teacher_student_mixture,Teacher/student,seed_ensemble,3,0.0,0.0,1.0,1,1,1,0.0,0.0,1.0,False
BCI IIIa,0.4,validation_selected_portfolio,Portfolio,seed_ensemble,3,0.025846702317290544,0.0,1.0,1,2,0,-0.02584670231729055,0.0,1.0,False
BCI IIIa,0.6,augmentation,Augmentation,baseline,3,0.0807109557109557,0.011363636363636354,0.5,2,1,0,-0.08071095571095571,-0.011363636363636354,0.5,False
BCI IIIa,0.6,seed_ensemble,Seed ensemble,baseline,3,0.02263014763014759,0.0,1.0,1,1,1,-0.02263014763014763,0.0,1.0,False
BCI IIIa,0.6,teacher_student_mixture,Teacher/student,baseline,3,0.02099513389835968,0.0,1.0,1,1,1,-0.02099513389835971,0.0,1.0,False
BCI IIIa,0.6,validation_selected_portfolio,Portfolio,baseline,3,0.05040792540792538,0.011363636363636354,0.5,2,1,0,-0.05040792540792541,-0.011363636363636354,0.5,False
BCI IIIa,0.6,augmentation,Augmentation,seed_ensemble,3,0.0580808080808081,0.08333333333333337,0.5,2,1,0,-0.05808080808080809,-0.08333333333333334,0.5,False
BCI IIIa,0.6,baseline,Baseline,seed_ensemble,3,-0.02263014763014759,0.0,1.0,1,1,1,0.02263014763014763,0.0,1.0,False
BCI IIIa,0.6,teacher_student_mixture,Teacher/student,seed_ensemble,3,-0.001635013731787908,0.0,1.0,1,1,1,0.0016350137317879172,0.0,1.0,False
BCI IIIa,0.6,validation_selected_portfolio,Portfolio,seed_ensemble,3,0.02777777777777779,0.0,1.0,1,2,0,-0.02777777777777778,0.0,1.0,False
BCI IIIa,0.8,augmentation,Augmentation,baseline,3,0.04693078676818511,0.04814814814814805,0.5,2,0,1,-0.046930786768185156,-0.04814814814814816,0.5,False
BCI IIIa,0.8,seed_ensemble,Seed ensemble,baseline,3,0.03266711833785004,0.024390243902439046,0.5,2,0,1,-0.03266711833785005,-0.024390243902439025,0.5,False
BCI IIIa,0.8,teacher_student_mixture,Teacher/student,baseline,3,0.00744885038702392,0.0011344299489506326,0.75,2,0,1,-0.0074488503870239545,-0.0011344299489506535,0.75,False
BCI IIIa,0.8,validation_selected_portfolio,Portfolio,baseline,3,0.032049834387232745,0.04814814814814805,0.5,2,0,1,-0.03204983438723277,-0.04814814814814816,0.5,False
BCI IIIa,0.8,augmentation,Augmentation,seed_ensemble,3,0.014263668430335072,0.044642857142857095,1.0,2,0,1,-0.014263668430335103,-0.04464285714285715,1.0,False
BCI IIIa,0.8,baseline,Baseline,seed_ensemble,3,-0.03266711833785004,-0.024390243902439046,0.5,1,0,2,0.03266711833785005,0.024390243902439025,0.5,False
BCI IIIa,0.8,teacher_student_mixture,Teacher/student,seed_ensemble,3,-0.02521826795082612,-0.024621212121212155,0.25,0,0,3,0.025218267950826097,0.024621212121212127,0.25,False
BCI IIIa,0.8,validation_selected_portfolio,Portfolio,seed_ensemble,3,-0.0006172839506172941,0.0,1.0,1,1,1,0.0006172839506172803,0.0,1.0,False
BCI IIIa,0.9,augmentation,Augmentation,baseline,3,0.03457413698339854,0.046428571428571486,0.5,2,0,1,-0.034574136983398576,-0.04642857142857146,0.5,False
BCI IIIa,0.9,seed_ensemble,Seed ensemble,baseline,3,0.00044326241134751143,0.0,1.0,1,2,0,-0.00044326241134751604,0.0,1.0,False
BCI IIIa,0.9,teacher_student_mixture,Teacher/student,baseline,3,0.01413721952635727,0.0013297872340425343,0.75,2,0,1,-0.014137219526357275,-0.0013297872340425482,0.75,False
BCI IIIa,0.9,validation_selected_portfolio,Portfolio,baseline,3,0.010608995371198119,0.0,1.0,1,1,1,-0.010608995371198133,0.0,1.0,False
BCI IIIa,0.9,augmentation,Augmentation,seed_ensemble,3,0.03413087457205103,0.046428571428571486,0.5,2,0,1,-0.03413087457205106,-0.04642857142857146,0.5,False
BCI IIIa,0.9,baseline,Baseline,seed_ensemble,3,-0.00044326241134751143,0.0,1.0,0,2,1,0.00044326241134751604,0.0,1.0,False
BCI IIIa,0.9,teacher_student_mixture,Teacher/student,seed_ensemble,3,0.013693957115009758,0.0,1.0,1,1,1,-0.013693957115009758,0.0,1.0,False
BCI IIIa,0.9,validation_selected_portfolio,Portfolio,seed_ensemble,3,0.010165732959850607,0.0,1.0,1,1,1,-0.010165732959850618,0.0,1.0,False
BCI IV-2a,0.4,architecture,architecture,baseline,9,0.02067271241360866,0.013138606873337344,0.3828125,5,1,3,-0.020672712413608647,-0.013138606873337344,0.3828125,False
BCI IV-2a,0.4,augmentation,Augmentation,baseline,9,0.008240670651384575,0.0,1.0,3,4,2,-0.008240670651384584,0.0,1.0,False
BCI IV-2a,0.4,brier_loss,brier_loss,baseline,9,0.005976704315517704,0.0,0.84375,3,3,3,-0.0059767043155177085,0.0,0.84375,False
BCI IV-2a,0.4,calibration_checkpoint,calibration_checkpoint,baseline,9,0.005007295936601924,0.0,0.84375,3,3,3,-0.005007295936601933,0.0,0.84375,False
BCI IV-2a,0.4,calibration_grid,calibration_grid,baseline,9,-0.02238167991432906,0.0,0.46875,3,2,4,0.022381679914329076,0.0,0.46875,False
BCI IV-2a,0.4,crop_aggregation,crop_aggregation,baseline,9,-0.004908815384905125,0.0,0.6875,3,3,3,0.004908815384905139,0.0,0.6875,False
BCI IV-2a,0.4,seed_ensemble,Seed ensemble,baseline,9,0.011044396493891797,0.015625,0.3125,5,1,3,-0.011044396493891783,-0.015625,0.3125,False
BCI IV-2a,0.4,stronger_teacher,stronger_teacher,baseline,9,-0.29326947881913407,-0.28696599823513863,0.0625,1,0,5,0.29326947881913407,0.28696599823513863,0.0625,False
BCI IV-2a,0.4,swa_ema,swa_ema,baseline,9,-0.013017733073607145,-0.015144230769230771,0.15625,2,2,5,0.01301773307360715,0.015144230769230771,0.15625,False
BCI IV-2a,0.4,teacher_student_mixture,Teacher/student,baseline,9,0.03281890046285734,0.0,0.375,4,2,3,-0.03281890046285735,0.0,0.375,False
BCI IV-2a,0.4,validation_selected_portfolio,Portfolio,baseline,9,0.006767421999145238,0.0,1.0,4,1,4,-0.006767421999145231,0.0,1.0,False
BCI IV-2a,0.4,architecture,architecture,seed_ensemble,9,0.009628315919716864,0.0,0.6875,3,2,4,-0.009628315919716864,0.0,0.6875,False
BCI IV-2a,0.4,augmentation,Augmentation,seed_ensemble,9,-0.002803725842507222,-0.007866976577865281,0.640625,3,1,5,0.0028037258425072007,0.007866976577865191,0.640625,False
BCI IV-2a,0.4,baseline,Baseline,seed_ensemble,9,-0.011044396493891797,-0.015625,0.3125,3,1,5,0.011044396493891783,0.015625,0.3125,False
BCI IV-2a,0.4,brier_loss,brier_loss,seed_ensemble,9,-0.005067692178374094,0.0,0.640625,4,1,4,0.005067692178374075,0.0,0.640625,False
BCI IV-2a,0.4,calibration_checkpoint,calibration_checkpoint,seed_ensemble,9,-0.006037100557289874,-0.007734600689590865,0.3125,3,1,5,0.00603710055728985,0.0077346006895908925,0.3125,False
BCI IV-2a,0.4,calibration_grid,calibration_grid,seed_ensemble,9,-0.03342607640822085,-0.014814814814814836,0.01953125,1,0,8,0.03342607640822085,0.014814814814814815,0.01953125,False
BCI IV-2a,0.4,crop_aggregation,crop_aggregation,seed_ensemble,9,-0.015953211878796923,-0.01626373626373634,0.1484375,2,1,6,0.015953211878796923,0.016263736263736284,0.1484375,False
BCI IV-2a,0.4,stronger_teacher,stronger_teacher,seed_ensemble,9,-0.29693181312518513,-0.291115494572135,0.03125,0,0,6,0.29693181312518513,0.2911154945721349,0.03125,False
BCI IV-2a,0.4,swa_ema,swa_ema,seed_ensemble,9,-0.024062129567498942,-0.03076923076923077,0.0234375,1,1,7,0.02406212956749893,0.03076923076923077,0.0234375,False
BCI IV-2a,0.4,teacher_student_mixture,Teacher/student,seed_ensemble,9,0.021774503968965544,0.0,0.375,4,2,3,-0.021774503968965568,0.0,0.375,False
BCI IV-2a,0.4,validation_selected_portfolio,Portfolio,seed_ensemble,9,-0.00427697449474656,0.0,1.0,2,4,3,0.004276974494746552,0.0,1.0,False
BCI IV-2a,0.6,architecture,architecture,baseline,9,0.012509418842140789,0.0,0.84375,4,1,4,-0.012509418842140808,0.0,0.84375,False
BCI IV-2a,0.6,augmentation,Augmentation,baseline,9,0.01574031450324879,0.0,0.3125,3,4,2,-0.015740314503248816,0.0,0.3125,False
BCI IV-2a,0.6,brier_loss,brier_loss,baseline,9,0.003333492021732091,0.0,0.4375,4,3,2,-0.003333492021732095,0.0,0.4375,False
BCI IV-2a,0.6,calibration_checkpoint,calibration_checkpoint,baseline,9,0.005629328783032844,0.0,0.6875,3,2,4,-0.005629328783032868,0.0,0.6875,False
BCI IV-2a,0.6,calibration_grid,calibration_grid,baseline,9,-0.01835603203453562,-0.017142857142857126,0.15625,1,2,6,0.018356032034535612,0.017142857142857144,0.15625,False
BCI IV-2a,0.6,crop_aggregation,crop_aggregation,baseline,9,-0.0008168923316309337,0.0,0.578125,3,2,4,0.0008168923316309307,0.0,0.578125,False
BCI IV-2a,0.6,seed_ensemble,Seed ensemble,baseline,9,-0.0017198210285684788,0.0,0.9453125,4,1,4,0.001719821028568465,0.0,0.9453125,False
BCI IV-2a,0.6,stronger_teacher,stronger_teacher,baseline,9,-0.17491114751847964,-0.14627908878445095,0.078125,2,0,6,0.17491114751847964,0.14627908878445095,0.078125,False
BCI IV-2a,0.6,swa_ema,swa_ema,baseline,9,-0.003482760188009711,-0.0005050140682490989,0.7421875,3,1,5,0.0034827601880096917,0.0005050140682490434,0.7421875,False
BCI IV-2a,0.6,teacher_student_mixture,Teacher/student,baseline,9,0.03468001367772311,0.0017296763034345686,0.109375,5,2,2,-0.03468001367772312,-0.0017296763034346518,0.109375,False
BCI IV-2a,0.6,validation_selected_portfolio,Portfolio,baseline,9,0.014353625833834729,0.0,0.546875,4,1,4,-0.014353625833834748,0.0,0.546875,False
BCI IV-2a,0.6,architecture,architecture,seed_ensemble,9,0.014229239870709268,0.0,0.640625,4,1,4,-0.014229239870709275,0.0,0.640625,False
BCI IV-2a,0.6,augmentation,Augmentation,seed_ensemble,9,0.01746013553181727,0.015590863952333667,0.1484375,6,1,2,-0.017460135531817283,-0.015590863952333667,0.1484375,False
BCI IV-2a,0.6,baseline,Baseline,seed_ensemble,9,0.0017198210285684788,0.0,0.9453125,4,1,4,-0.001719821028568465,0.0,0.9453125,False
BCI IV-2a,0.6,brier_loss,brier_loss,seed_ensemble,9,0.0050533130503005695,0.0,0.84375,4,1,4,-0.005053313050300561,0.0,0.84375,False
BCI IV-2a,0.6,calibration_checkpoint,calibration_checkpoint,seed_ensemble,9,0.007349149811601323,0.015590863952333667,0.65234375,5,0,4,-0.007349149811601333,-0.015590863952333667,0.65234375,False
BCI IV-2a,0.6,calibration_grid,calibration_grid,seed_ensemble,9,-0.01663621100596714,-0.02937420178799488,0.25,3,0,6,0.016636211005967152,0.02937420178799488,0.25,False
BCI IV-2a,0.6,crop_aggregation,crop_aggregation,seed_ensemble,9,0.0009029286969375451,-0.0014931927975405657,0.91015625,3,0,6,-0.0009029286969375343,0.0014931927975406212,0.91015625,False
BCI IV-2a,0.6,stronger_teacher,stronger_teacher,seed_ensemble,9,-0.16671839113279416,-0.12076314373211028,0.078125,2,0,6,0.16671839113279416,0.12076314373211028,0.078125,False
BCI IV-2a,0.6,swa_ema,swa_ema,seed_ensemble,9,-0.0017629391594412322,-0.0055248618784530246,1.0,4,0,5,0.0017629391594412268,0.0055248618784530384,1.0,False
BCI IV-2a,0.6,teacher_student_mixture,Teacher/student,seed_ensemble,9,0.03639983470629159,0.03124205441139083,0.0234375,7,1,1,-0.03639983470629159,-0.031242054411390795,0.0234375,False
BCI IV-2a,0.6,validation_selected_portfolio,Portfolio,seed_ensemble,9,0.01607344686240321,0.014202778353721746,0.3125,5,3,1,-0.016073446862403213,-0.014202778353721753,0.3125,False
BCI IV-2a,0.8,architecture,architecture,baseline,9,0.019710493469718354,0.007680491551459334,0.30078125,7,0,2,-0.019710493469718322,-0.007680491551459279,0.30078125,False
BCI IV-2a,0.8,augmentation,Augmentation,baseline,9,0.013159783538548901,0.0,0.4375,4,4,1,-0.013159783538548894,0.0,0.4375,False
BCI IV-2a,0.8,brier_loss,brier_loss,baseline,9,0.0041237446933122136,0.0,0.4375,4,3,2,-0.004123744693312218,0.0,0.4375,False
BCI IV-2a,0.8,calibration_checkpoint,calibration_checkpoint,baseline,9,-0.006502947387098581,0.0,0.46875,3,2,4,0.0065029473870986025,0.0,0.46875,False
BCI IV-2a,0.8,calibration_grid,calibration_grid,baseline,9,-0.013649247071202717,-0.006435006435006496,0.078125,1,2,6,0.01364924707120273,0.006435006435006441,0.078125,False
BCI IV-2a,0.8,crop_aggregation,crop_aggregation,baseline,9,0.0010929317514704914,0.0,0.9375,3,2,4,-0.001092931751470469,0.0,0.9375,False
BCI IV-2a,0.8,seed_ensemble,Seed ensemble,baseline,9,0.016975735112607217,0.017242040659762092,0.0390625,7,0,2,-0.016975735112607228,-0.017242040659762176,0.0390625,False
BCI IV-2a,0.8,stronger_teacher,stronger_teacher,baseline,9,-0.11729456684590724,-0.10108036110700014,0.25,3,0,6,0.11729456684590728,0.10108036110700014,0.25,False
BCI IV-2a,0.8,swa_ema,swa_ema,baseline,9,0.0010733420007939716,0.0031468654407369456,0.546875,5,1,3,-0.001073342000793965,-0.0031468654407369456,0.546875,False
BCI IV-2a,0.8,teacher_student_mixture,Teacher/student,baseline,9,0.030820265139999272,0.0039350385166906365,0.078125,6,1,2,-0.030820265139999234,-0.003935038516690553,0.078125,False
BCI IV-2a,0.8,validation_selected_portfolio,Portfolio,baseline,9,0.02213325892748276,0.01210564930300806,0.00390625,9,0,0,-0.022133258927482746,-0.01210564930300806,0.00390625,False
BCI IV-2a,0.8,architecture,architecture,seed_ensemble,9,0.0027347583571111344,0.0017180900565537671,1.0,5,0,4,-0.0027347583571110962,-0.0017180900565538226,1.0,False
BCI IV-2a,0.8,augmentation,Augmentation,seed_ensemble,9,-0.003815951574058316,-0.009942207855813456,0.49609375,4,0,5,0.0038159515740583327,0.009942207855813484,0.49609375,False
BCI IV-2a,0.8,baseline,Baseline,seed_ensemble,9,-0.016975735112607217,-0.017242040659762092,0.0390625,2,0,7,0.016975735112607228,0.017242040659762176,0.0390625,False
BCI IV-2a,0.8,brier_loss,brier_loss,seed_ensemble,9,-0.012851990419295004,-0.017503671071953053,0.0390625,2,0,7,0.012851990419295009,0.01750367107195301,0.0390625,False
BCI IV-2a,0.8,calibration_checkpoint,calibration_checkpoint,seed_ensemble,9,-0.0234786824997058,-0.02538964303670177,0.01953125,2,0,7,0.023478682499705826,0.02538964303670188,0.01953125,False
BCI IV-2a,0.8,calibration_grid,calibration_grid,seed_ensemble,9,-0.030624982183809935,-0.03471949449235756,0.00390625,0,0,9,0.03062498218380996,0.03471949449235759,0.00390625,False
BCI IV-2a,0.8,crop_aggregation,crop_aggregation,seed_ensemble,9,-0.015882803361136726,-0.018546866691374286,0.01171875,1,0,8,0.015882803361136757,0.018546866691374342,0.01171875,False
BCI IV-2a,0.8,stronger_teacher,stronger_teacher,seed_ensemble,9,-0.13427030195851442,-0.13618257048135485,0.1640625,2,0,7,0.1342703019585145,0.1361825704813549,0.1640625,False
BCI IV-2a,0.8,swa_ema,swa_ema,seed_ensemble,9,-0.015902393111813247,-0.020640894058615578,0.07421875,2,0,7,0.01590239311181326,0.020640894058615564,0.07421875,False
BCI IV-2a,0.8,teacher_student_mixture,Teacher/student,seed_ensemble,9,0.013844530027392055,0.0037903168132733533,0.734375,5,0,4,-0.013844530027392006,-0.003790316813273256,0.734375,False
BCI IV-2a,0.8,validation_selected_portfolio,Portfolio,seed_ensemble,9,0.005157523814875541,0.0,0.9375,4,2,3,-0.005157523814875521,0.0,0.9375,False
BCI IV-2a,0.9,architecture,architecture,baseline,9,0.012290217207438812,0.009058239478363928,0.65234375,5,0,4,-0.012290217207438833,-0.009058239478363983,0.65234375,False
BCI IV-2a,0.9,augmentation,Augmentation,baseline,9,0.015675081664317414,0.0,0.125,4,5,0,-0.01567508166431741,0.0,0.125,False
BCI IV-2a,0.9,brier_loss,brier_loss,baseline,9,0.005509073861361458,0.001225490196078427,0.0546875,7,1,1,-0.005509073861361472,-0.001225490196078427,0.0546875,False
BCI IV-2a,0.9,calibration_checkpoint,calibration_checkpoint,baseline,9,-0.004072851334802113,-0.0006349508706764428,0.296875,2,2,5,0.004072851334802112,0.0006349508706763804,0.296875,False
BCI IV-2a,0.9,calibration_grid,calibration_grid,baseline,9,-0.01361327464715318,-0.0006802721088435826,0.21875,2,2,5,0.013613274647153157,0.0006802721088435548,0.21875,False
BCI IV-2a,0.9,crop_aggregation,crop_aggregation,baseline,9,0.0034786289622145508,0.0,0.375,4,2,3,-0.0034786289622145733,0.0,0.375,False
BCI IV-2a,0.9,seed_ensemble,Seed ensemble,baseline,9,0.016040836151513353,0.018690861553784854,0.02734375,8,0,1,-0.01604083615151338,-0.018690861553784854,0.02734375,False
BCI IV-2a,0.9,stronger_teacher,stronger_teacher,baseline,9,-0.13357572531769266,-0.09930215013202565,0.203125,3,0,6,0.13357572531769263,0.0993021501320257,0.203125,False
BCI IV-2a,0.9,swa_ema,swa_ema,baseline,9,-0.006544129021941594,-0.0012722646310432406,0.3828125,3,1,5,0.006544129021941603,0.0012722646310432684,0.3828125,False
BCI IV-2a,0.9,teacher_student_mixture,Teacher/student,baseline,9,0.029788310432756166,0.00444452160627784,0.015625,7,1,1,-0.02978831043275619,-0.004444521606277896,0.015625,False
BCI IV-2a,0.9,validation_selected_portfolio,Portfolio,baseline,9,0.022979133201162887,0.012706892292490113,0.0390625,8,0,1,-0.022979133201162894,-0.012706892292490113,0.0390625,False
BCI IV-2a,0.9,architecture,architecture,seed_ensemble,9,-0.0037506189440745428,-0.0053811659192825045,0.734375,3,0,6,0.003750618944074549,0.00538116591928256,0.734375,False
BCI IV-2a,0.9,augmentation,Augmentation,seed_ensemble,9,-0.00036575448719594,-0.005921911070962516,0.49609375,3,0,6,0.00036575448719597083,0.005921911070962571,0.49609375,False
BCI IV-2a,0.9,baseline,Baseline,seed_ensemble,9,-0.016040836151513353,-0.018690861553784854,0.02734375,1,0,8,0.01604083615151338,0.018690861553784854,0.02734375,False
BCI IV-2a,0.9,brier_loss,brier_loss,seed_ensemble,9,-0.010531762290151896,-0.006808027799446892,0.07421875,2,0,7,0.01053176229015191,0.006808027799446836,0.07421875,False
BCI IV-2a,0.9,calibration_checkpoint,calibration_checkpoint,seed_ensemble,9,-0.020113687486315465,-0.018939393939393923,0.0390625,1,0,8,0.020113687486315493,0.018939393939393923,0.0390625,False
BCI IV-2a,0.9,calibration_grid,calibration_grid,seed_ensemble,9,-0.029654110798666533,-0.03378855662820812,0.0078125,1,0,8,0.02965411079866654,0.03378855662820818,0.0078125,False
BCI IV-2a,0.9,crop_aggregation,crop_aggregation,seed_ensemble,9,-0.012562207189298803,-0.006720430107526876,0.0546875,2,0,7,0.01256220718929881,0.006720430107526876,0.0546875,False
BCI IV-2a,0.9,stronger_teacher,stronger_teacher,seed_ensemble,9,-0.14961656146920596,-0.11055469953775038,0.203125,3,0,6,0.14961656146920602,0.11055469953775043,0.203125,False
BCI IV-2a,0.9,swa_ema,swa_ema,seed_ensemble,9,-0.022584965173454947,-0.01836441893830698,0.00390625,0,0,9,0.022584965173454985,0.018364418938307037,0.00390625,False
BCI IV-2a,0.9,teacher_student_mixture,Teacher/student,seed_ensemble,9,0.013747474281242813,-0.0018734687995387578,0.65234375,4,0,5,-0.013747474281242808,0.001873468799538841,0.65234375,False
BCI IV-2a,0.9,validation_selected_portfolio,Portfolio,seed_ensemble,9,0.006938297049649532,0.0,1.0,3,2,4,-0.006938297049649513,0.0,1.0,False
BNCI2014_001,0.4,augmentation,Augmentation,baseline,9,0.014988323488412213,0.0,0.4375,3,3,3,-0.014988323488412237,0.0,0.4375,False
BNCI2014_001,0.4,seed_ensemble,Seed ensemble,baseline,9,0.014063628148872446,0.00520564446738947,0.25,5,1,3,-0.01406362814887248,-0.005205644467389432,0.25,False
BNCI2014_001,0.4,teacher_student_mixture,Teacher/student,baseline,9,0.024492532127798602,0.00364797081623347,0.3125,5,1,3,-0.02449253212779862,-0.00364797081623347,0.3125,False
BNCI2014_001,0.4,validation_selected_portfolio,Portfolio,baseline,9,0.020219839435437068,0.0,0.546875,4,1,4,-0.02021983943543709,0.0,0.546875,False
BNCI2014_001,0.4,augmentation,Augmentation,seed_ensemble,9,0.0009246953395397668,0.003735442759833063,1.0,5,0,4,-0.0009246953395397586,-0.0037354427598330076,1.0,False
BNCI2014_001,0.4,baseline,Baseline,seed_ensemble,9,-0.014063628148872446,-0.00520564446738947,0.25,3,1,5,0.01406362814887248,0.005205644467389432,0.25,False
BNCI2014_001,0.4,teacher_student_mixture,Teacher/student,seed_ensemble,9,0.010428903978926159,0.00973630831643002,0.49609375,6,0,3,-0.010428903978926136,-0.00973630831643002,0.49609375,False
BNCI2014_001,0.4,validation_selected_portfolio,Portfolio,seed_ensemble,9,0.006156211286564622,0.0,0.8125,4,2,3,-0.006156211286564606,0.0,0.8125,False
BNCI2014_001,0.6,augmentation,Augmentation,baseline,9,0.008736055435511111,0.0,0.9375,3,2,4,-0.00873605543551111,0.0,0.9375,False
BNCI2014_001,0.6,seed_ensemble,Seed ensemble,baseline,9,0.0023789936085234806,0.00314437685503538,0.8203125,5,0,4,-0.0023789936085234892,-0.0031443768550354356,0.8203125,False
BNCI2014_001,0.6,teacher_student_mixture,Teacher/student,baseline,9,0.01170585745398063,0.018037998077918282,0.25,6,0,3,-0.011705857453980645,-0.018037998077918255,0.25,False
BNCI2014_001,0.6,validation_selected_portfolio,Portfolio,baseline,9,0.0073994704680005775,-0.0004761904761904079,1.0,4,0,5,-0.007399470468000586,0.00047619047619047554,1.0,False
BNCI2014_001,0.6,augmentation,Augmentation,seed_ensemble,9,0.00635706182698763,-0.011648574874627005,1.0,4,0,5,-0.0063570618269876205,0.01164857487462706,1.0,False
BNCI2014_001,0.6,baseline,Baseline,seed_ensemble,9,-0.0023789936085234806,-0.00314437685503538,0.8203125,4,0,5,0.0023789936085234892,0.0031443768550354356,0.8203125,False
BNCI2014_001,0.6,teacher_student_mixture,Teacher/student,seed_ensemble,9,0.009326863845457148,0.005765839099172498,0.65234375,5,0,4,-0.009326863845457155,-0.005765839099172443,0.65234375,False
BNCI2014_001,0.6,validation_selected_portfolio,Portfolio,seed_ensemble,9,0.0050204768594770965,0.0,1.0,3,2,4,-0.005020476859477097,0.0,1.0,False
BNCI2014_001,0.8,augmentation,Augmentation,baseline,9,0.004016563697109793,0.0,0.9375,3,2,4,-0.004016563697109766,0.0,0.9375,False
BNCI2014_001,0.8,seed_ensemble,Seed ensemble,baseline,9,-0.010785135720085584,-0.00783730158730156,0.30078125,3,0,6,0.01078513572008563,0.007837301587301587,0.30078125,False
BNCI2014_001,0.8,teacher_student_mixture,Teacher/student,baseline,9,-0.009386378193027246,-0.00675568900126422,0.734375,3,0,6,0.009386378193027255,0.00675568900126422,0.734375,False
BNCI2014_001,0.8,validation_selected_portfolio,Portfolio,baseline,9,-0.010407587871906179,-0.00675568900126422,0.42578125,2,0,7,0.010407587871906206,0.00675568900126422,0.42578125,False
BNCI2014_001,0.8,augmentation,Augmentation,seed_ensemble,9,0.014801699417195379,0.011469838572642388,0.30078125,6,0,3,-0.0148016994171954,-0.011469838572642319,0.30078125,False
BNCI2014_001,0.8,baseline,Baseline,seed_ensemble,9,0.010785135720085584,0.00783730158730156,0.30078125,6,0,3,-0.01078513572008563,-0.007837301587301587,0.30078125,False
BNCI2014_001,0.8,teacher_student_mixture,Teacher/student,seed_ensemble,9,0.0013987575270583389,0.005636070853462072,0.734375,6,0,3,-0.0013987575270583727,-0.005636070853462155,0.734375,False
BNCI2014_001,0.8,validation_selected_portfolio,Portfolio,seed_ensemble,9,0.00037754784817940605,0.0,1.0,4,2,3,-0.00037754784817942144,0.0,1.0,False
BNCI2014_001,0.9,augmentation,Augmentation,baseline,9,-0.0029656150012662913,0.0,1.0,4,2,3,0.0029656150012662866,0.0,1.0,False
BNCI2014_001,0.9,seed_ensemble,Seed ensemble,baseline,9,-0.00642655232836275,0.0078125,0.91015625,5,0,4,0.006426552328362757,-0.0078125,0.91015625,False
BNCI2014_001,0.9,teacher_student_mixture,Teacher/student,baseline,9,-0.013183937633130551,0.005900865460267468,0.734375,5,0,4,0.01318393763313057,-0.005900865460267468,0.734375,False
BNCI2014_001,0.9,validation_selected_portfolio,Portfolio,baseline,9,-0.020811949579623686,-0.006488861639076249,0.359375,4,0,5,0.020811949579623696,0.006488861639076235,0.359375,False
BNCI2014_001,0.9,augmentation,Augmentation,seed_ensemble,9,0.0034609373270964583,-0.00390625,1.0,4,0,5,-0.0034609373270964704,0.00390625,1.0,False
BNCI2014_001,0.9,baseline,Baseline,seed_ensemble,9,0.00642655232836275,-0.0078125,0.91015625,4,0,5,-0.006426552328362757,0.0078125,0.91015625,False
BNCI2014_001,0.9,teacher_student_mixture,Teacher/student,seed_ensemble,9,-0.0067573853047678024,-0.009216589861751112,0.734375,4,0,5,0.006757385304767813,0.009216589861751168,0.734375,False
BNCI2014_001,0.9,validation_selected_portfolio,Portfolio,seed_ensemble,9,-0.014385397251260935,-0.008625027957951281,0.21875,2,2,5,0.014385397251260942,0.008625027957951281,0.21875,False
BNCI2014_004,0.4,augmentation,Augmentation,baseline,9,-0.00036058950742107806,0.0,1.0,2,6,1,0.0003605895074210711,0.0,1.0,False
BNCI2014_004,0.4,seed_ensemble,Seed ensemble,baseline,9,0.0013313146190723952,0.0007518796992480592,0.546875,6,1,2,-0.0013313146190724046,-0.0007518796992481216,0.546875,False
BNCI2014_004,0.4,teacher_student_mixture,Teacher/student,baseline,9,0.002593011922100436,0.0,0.5,2,6,1,-0.002593011922100437,0.0,0.5,False
BNCI2014_004,0.4,validation_selected_portfolio,Portfolio,baseline,9,0.0012942604284498227,0.00032847194849561223,0.375,5,2,2,-0.001294260428449832,-0.00032847194849559835,0.375,False
BNCI2014_004,0.4,augmentation,Augmentation,seed_ensemble,9,-0.0016919041264934734,-0.0007518796992480592,0.1953125,1,1,7,0.0016919041264934756,0.0007518796992481216,0.1953125,False
BNCI2014_004,0.4,baseline,Baseline,seed_ensemble,9,-0.0013313146190723952,-0.0007518796992480592,0.546875,2,1,6,0.0013313146190724046,0.0007518796992481216,0.546875,False
BNCI2014_004,0.4,teacher_student_mixture,Teacher/student,seed_ensemble,9,0.0012616973030280408,-0.00032847194849561223,1.0,3,1,5,-0.0012616973030280323,0.00032847194849559835,1.0,False
BNCI2014_004,0.4,validation_selected_portfolio,Portfolio,seed_ensemble,9,-3.705419062257261e-05,0.0,1.0,2,3,4,3.705419062257261e-05,0.0,1.0,False
BNCI2014_004,0.6,augmentation,Augmentation,baseline,9,-0.00021278764072122738,0.0,1.0,1,6,2,0.00021278764072123047,0.0,1.0,False
BNCI2014_004,0.6,seed_ensemble,Seed ensemble,baseline,9,-6.932148255003569e-05,0.0,0.84375,4,1,4,6.932148255003069e-05,0.0,0.84375,False
BNCI2014_004,0.6,teacher_student_mixture,Teacher/student,baseline,9,-0.000491034732517992,0.0,0.5,1,6,2,0.000491034732517992,0.0,0.5,False
BNCI2014_004,0.6,validation_selected_portfolio,Portfolio,baseline,9,-0.001651898792703653,-0.0007522986904430207,0.46875,2,2,5,0.0016518987927036596,0.0007522986904430207,0.46875,False
BNCI2014_004,0.6,augmentation,Augmentation,seed_ensemble,9,-0.0001434661581711917,0.0,1.0,4,1,4,0.0001434661581711998,0.0,1.0,False
BNCI2014_004,0.6,baseline,Baseline,seed_ensemble,9,6.932148255003569e-05,0.0,0.84375,4,1,4,-6.932148255003069e-05,0.0,0.84375,False
BNCI2014_004,0.6,teacher_student_mixture,Teacher/student,seed_ensemble,9,-0.0004217132499679563,0.0,0.84375,4,1,4,0.0004217132499679613,0.0,0.84375,False
BNCI2014_004,0.6,validation_selected_portfolio,Portfolio,seed_ensemble,9,-0.0015825773101536174,0.0,0.84375,2,3,4,0.001582577310153629,0.0,0.84375,False
BNCI2014_004,0.8,augmentation,Augmentation,baseline,9,-0.002251382585191567,0.0,1.0,1,6,2,0.0022513825851915806,0.0,1.0,False
BNCI2014_004,0.8,seed_ensemble,Seed ensemble,baseline,9,0.0037478421820371765,0.0002178649237472019,0.4609375,5,1,3,-0.0037478421820371604,-0.00021786492374728517,0.4609375,False
BNCI2014_004,0.8,teacher_student_mixture,Teacher/student,baseline,9,0.00022259016087177052,0.0,1.0,1,6,2,-0.00022259016087175894,0.0,1.0,False
BNCI2014_004,0.8,validation_selected_portfolio,Portfolio,baseline,9,-0.00053728187508115,0.0,1.0,3,2,4,0.0005372818750811586,0.0,1.0,False
BNCI2014_004,0.8,augmentation,Augmentation,seed_ensemble,9,-0.005999224767228744,-0.012570980274955179,0.3125,3,1,5,0.005999224767228741,0.012570980274955165,0.3125,False
BNCI2014_004,0.8,baseline,Baseline,seed_ensemble,9,-0.0037478421820371765,-0.0002178649237472019,0.4609375,3,1,5,0.0037478421820371604,0.00021786492374728517,0.4609375,False
BNCI2014_004,0.8,teacher_student_mixture,Teacher/student,seed_ensemble,9,-0.0035252520211654062,-0.0002178649237472019,0.546875,3,1,5,0.0035252520211654014,0.00021786492374728517,0.546875,False
BNCI2014_004,0.8,validation_selected_portfolio,Portfolio,seed_ensemble,9,-0.004285124057118327,0.0,0.5625,2,3,4,0.004285124057118319,0.0,0.5625,False
BNCI2014_004,0.9,augmentation,Augmentation,baseline,9,-0.004345178417736591,0.0,0.625,1,5,3,0.004345178417736597,0.0,0.625,False
BNCI2014_004,0.9,seed_ensemble,Seed ensemble,baseline,9,0.005143387206618135,0.006336414389197298,0.30078125,7,0,2,-0.00514338720661812,-0.006336414389197298,0.30078125,False
BNCI2014_004,0.9,teacher_student_mixture,Teacher/student,baseline,9,0.0008216432766392007,0.0,0.875,2,5,2,-0.0008216432766391976,0.0,0.875,False
BNCI2014_004,0.9,validation_selected_portfolio,Portfolio,baseline,9,-0.0019264187571442276,0.0,0.84375,4,1,4,0.0019264187571442354,0.0,0.84375,False
BNCI2014_004,0.9,augmentation,Augmentation,seed_ensemble,9,-0.009488565624354727,-0.015133920209777108,0.12890625,1,0,8,0.009488565624354718,0.015133920209777108,0.12890625,False
BNCI2014_004,0.9,baseline,Baseline,seed_ensemble,9,-0.005143387206618135,-0.006336414389197298,0.30078125,2,0,7,0.00514338720661812,0.006336414389197298,0.30078125,False
BNCI2014_004,0.9,teacher_student_mixture,Teacher/student,seed_ensemble,9,-0.004321743929978934,-0.006336414389197298,0.30078125,2,0,7,0.004321743929978923,0.006336414389197298,0.30078125,False
BNCI2014_004,0.9,validation_selected_portfolio,Portfolio,seed_ensemble,9,-0.0070698059637623635,-0.009475600045501076,0.296875,1,2,6,0.007069805963762356,0.009475600045501076,0.296875,False
